"","X","id","base.id","base.name","base.fiat","base.route","quote.id","quote.name","quote.fiat","quote.route","route","markets.exchange","markets.pair","markets.active","markets.route","bid.price1","bid.size1","ask.price1","ask.size1","bid.price2","bid.size2","ask.price2","ask.size2","bid.price3","bid.size3","ask.price3","ask.size3"
"1",1,"daoeth","dao","Decentralized Autonomous Organization",FALSE,"https://api.cryptowat.ch/assets/dao","eth","Ethereum",FALSE,"https://api.cryptowat.ch/assets/eth","https://api.cryptowat.ch/pairs/daoeth","poloniex","daoeth",TRUE,"https://api.cryptowat.ch/markets/poloniex/daoeth",0,0,0,0,0,0,0,0,0,0,0,0
"2",2,"ltcbtc","ltc","Litecoin",FALSE,"https://api.cryptowat.ch/assets/ltc","btc","Bitcoin",FALSE,"https://api.cryptowat.ch/assets/btc","https://api.cryptowat.ch/pairs/ltcbtc","bitfinex","ltcbtc",TRUE,"https://api.cryptowat.ch/markets/bitfinex/ltcbtc",0.013679,97.04274,0.013693,24,0.013664,22,0.013694,15.902,0.013657,20,0.013698,0.175796
"3",3,"ltcbtc","ltc","Litecoin",FALSE,"https://api.cryptowat.ch/assets/ltc","btc","Bitcoin",FALSE,"https://api.cryptowat.ch/assets/btc","https://api.cryptowat.ch/pairs/ltcbtc","gdax","ltcbtc",TRUE,"https://api.cryptowat.ch/markets/gdax/ltcbtc",0.01367,217.08463,0.01369,40.81821,0.01366,44.033092,0.0137,5.0860767,0.01365,38.2748,0.01372,5.6472173
"4",4,"ltcbtc","ltc","Litecoin",FALSE,"https://api.cryptowat.ch/assets/ltc","btc","Bitcoin",FALSE,"https://api.cryptowat.ch/assets/btc","https://api.cryptowat.ch/pairs/ltcbtc","bitstamp","ltcbtc",TRUE,"https://api.cryptowat.ch/markets/bitstamp/ltcbtc",0.01365096,7.779255,0.01373959,50.882435,0.01365095,161.885,0.0137396,168.637,0.01365094,2.1941035,0.01373964,168.815
"5",5,"ltcbtc","ltc","Litecoin",FALSE,"https://api.cryptowat.ch/assets/ltc","btc","Bitcoin",FALSE,"https://api.cryptowat.ch/assets/btc","https://api.cryptowat.ch/pairs/ltcbtc","kraken","ltcbtc",TRUE,"https://api.cryptowat.ch/markets/kraken/ltcbtc",0.013654,1.8,0.013725,0.5,0.013652,2.125,0.013726,2037.967,0.013648,1.116,0.013727,100
"6",8,"ltcbtc","ltc","Litecoin",FALSE,"https://api.cryptowat.ch/assets/ltc","btc","Bitcoin",FALSE,"https://api.cryptowat.ch/assets/btc","https://api.cryptowat.ch/pairs/ltcbtc","cexio","ltcbtc",TRUE,"https://api.cryptowat.ch/markets/cexio/ltcbtc",0.00390208,2.78276,0.00449799,75.43,0.00390207,4.83,0.004498,1.8,0.00390205,4.83,0.00449892,26.107527
"7",9,"ltcbtc","ltc","Litecoin",FALSE,"https://api.cryptowat.ch/assets/ltc","btc","Bitcoin",FALSE,"https://api.cryptowat.ch/assets/btc","https://api.cryptowat.ch/pairs/ltcbtc","qryptos","ltcbtc",TRUE,"https://api.cryptowat.ch/markets/qryptos/ltcbtc",0.01365,20,0.01382,1.58502,0.0134,20,0,0,0,0,0,0
"8",10,"ltcbtc","ltc","Litecoin",FALSE,"https://api.cryptowat.ch/assets/ltc","btc","Bitcoin",FALSE,"https://api.cryptowat.ch/assets/btc","https://api.cryptowat.ch/pairs/ltcbtc","btc-china","ltcbtc",TRUE,"https://api.cryptowat.ch/markets/btc-china/ltcbtc",0.0135,363.05,0.014,105.157,0.0134,1.117,0.0141,0.1,0.0133,9.8,0.0144,11.213
"9",11,"ltcbtc","ltc","Litecoin",FALSE,"https://api.cryptowat.ch/assets/ltc","btc","Bitcoin",FALSE,"https://api.cryptowat.ch/assets/btc","https://api.cryptowat.ch/pairs/ltcbtc","poloniex","ltcbtc",TRUE,"https://api.cryptowat.ch/markets/poloniex/ltcbtc",0.0136921,42.79857,0.0137,511.6656,0.013688,0.06760305,0.01370165,19.2,0.01368533,58.498,0.0137061,20
"10",12,"ltcbtc","ltc","Litecoin",FALSE,"https://api.cryptowat.ch/assets/ltc","btc","Bitcoin",FALSE,"https://api.cryptowat.ch/assets/btc","https://api.cryptowat.ch/pairs/ltcbtc","bitsquare","ltcbtc",TRUE,"https://api.cryptowat.ch/markets/bitsquare/ltcbtc",0,0,0,0,0,0,0,0,0,0,0,0
"11",13,"iotusd","iot","IOTA",FALSE,"https://api.cryptowat.ch/assets/iot","usd","United States dollar",TRUE,"https://api.cryptowat.ch/assets/usd","https://api.cryptowat.ch/pairs/iotusd","bitfinex","iotusd",TRUE,"https://api.cryptowat.ch/markets/bitfinex/iotusd",0,0,0,0,0,0,0,0,0,0,0,0
"12",14,"icneth","icn","Iconomi",FALSE,"https://api.cryptowat.ch/assets/icn","eth","Ethereum",FALSE,"https://api.cryptowat.ch/assets/eth","https://api.cryptowat.ch/pairs/icneth","kraken","icneth",TRUE,"https://api.cryptowat.ch/markets/kraken/icneth",0.0067,84.196,0.00683,323.255,0.00665,16.11,0.00684,628.825,0.00664,153.58,0.00685,5271.923
"13",15,"ethphp","eth","Ethereum",FALSE,"https://api.cryptowat.ch/assets/eth","php","Philippine Peso",TRUE,"https://api.cryptowat.ch/assets/php","https://api.cryptowat.ch/pairs/ethphp","quoine","ethphp",TRUE,"https://api.cryptowat.ch/markets/quoine/ethphp",0,0,0,0,0,0,0,0,0,0,0,0
"14",16,"xrpeur","xrp","Ripple",FALSE,"https://api.cryptowat.ch/assets/xrp","eur","euro",TRUE,"https://api.cryptowat.ch/assets/eur","https://api.cryptowat.ch/pairs/xrpeur","bitstamp","xrpeur",TRUE,"https://api.cryptowat.ch/markets/bitstamp/xrpeur",0,0,0,0,0,0,0,0,0,0,0,0
"15",17,"xrpeur","xrp","Ripple",FALSE,"https://api.cryptowat.ch/assets/xrp","eur","euro",TRUE,"https://api.cryptowat.ch/assets/eur","https://api.cryptowat.ch/pairs/xrpeur","kraken","xrpeur",TRUE,"https://api.cryptowat.ch/markets/kraken/xrpeur",0,0,0,0,0,0,0,0,0,0,0,0
"16",18,"etceur","etc","Ethereum Classic",FALSE,"https://api.cryptowat.ch/assets/etc","eur","euro",TRUE,"https://api.cryptowat.ch/assets/eur","https://api.cryptowat.ch/pairs/etceur","kraken","etceur",TRUE,"https://api.cryptowat.ch/markets/kraken/etceur",0,0,0,0,0,0,0,0,0,0,0,0
"17",19,"btsbtc","bts","BitShares",FALSE,"https://api.cryptowat.ch/assets/bts","btc","Bitcoin",FALSE,"https://api.cryptowat.ch/assets/btc","https://api.cryptowat.ch/pairs/btsbtc","poloniex","btsbtc",TRUE,"https://api.cryptowat.ch/markets/poloniex/btsbtc",0.00003167,6394.399,0.00003169,13406.111,0.00003156,3429.0554,0.0000317,18086.105,0.00003153,686.1282,0.00003174,835.413
"18",20,"lsketh","lsk","Lisk",FALSE,"https://api.cryptowat.ch/assets/lsk","eth","Ethereum",FALSE,"https://api.cryptowat.ch/assets/eth","https://api.cryptowat.ch/pairs/lsketh","poloniex","lsketh",TRUE,"https://api.cryptowat.ch/markets/poloniex/lsketh",0.01522805,199.33473,0.01557964,225.98647,0.01522803,13.185228,0.01557965,62.240025,0.015228,914.13947,0.01557966,1446.7421
"19",21,"dgbbtc","dgb","DigiByte",FALSE,"https://api.cryptowat.ch/assets/dgb","btc","Bitcoin",FALSE,"https://api.cryptowat.ch/assets/btc","https://api.cryptowat.ch/pairs/dgbbtc","poloniex","dgbbtc",TRUE,"https://api.cryptowat.ch/markets/poloniex/dgbbtc",0.00000401,183.365,0.00000402,335521.25,0.00000399,27.009775,0.00000403,83477.47,0.00000398,109027.01,0.00000404,81888.94
"20",22,"etheur","eth","Ethereum",FALSE,"https://api.cryptowat.ch/assets/eth","eur","euro",TRUE,"https://api.cryptowat.ch/assets/eur","https://api.cryptowat.ch/pairs/etheur","gdax","etheur",TRUE,"https://api.cryptowat.ch/markets/gdax/etheur",0,0,0,0,0,0,0,0,0,0,0,0
"21",23,"etheur","eth","Ethereum",FALSE,"https://api.cryptowat.ch/assets/eth","eur","euro",TRUE,"https://api.cryptowat.ch/assets/eur","https://api.cryptowat.ch/pairs/etheur","bitstamp","etheur",TRUE,"https://api.cryptowat.ch/markets/bitstamp/etheur",0,0,0,0,0,0,0,0,0,0,0,0
"22",24,"etheur","eth","Ethereum",FALSE,"https://api.cryptowat.ch/assets/eth","eur","euro",TRUE,"https://api.cryptowat.ch/assets/eur","https://api.cryptowat.ch/pairs/etheur","kraken","etheur",TRUE,"https://api.cryptowat.ch/markets/kraken/etheur",0,0,0,0,0,0,0,0,0,0,0,0
"23",26,"etheur","eth","Ethereum",FALSE,"https://api.cryptowat.ch/assets/eth","eur","euro",TRUE,"https://api.cryptowat.ch/assets/eur","https://api.cryptowat.ch/pairs/etheur","quoine","etheur",TRUE,"https://api.cryptowat.ch/markets/quoine/etheur",0,0,0,0,0,0,0,0,0,0,0,0
"24",27,"ethaud","eth","Ethereum",FALSE,"https://api.cryptowat.ch/assets/eth","aud","Australian Dollar",TRUE,"https://api.cryptowat.ch/assets/aud","https://api.cryptowat.ch/pairs/ethaud","quoine","ethaud",TRUE,"https://api.cryptowat.ch/markets/quoine/ethaud",0,0,0,0,0,0,0,0,0,0,0,0
"25",28,"bchjpy","bch","Bitcoin Cash",FALSE,"https://api.cryptowat.ch/assets/bch","jpy","Japanese Yen",TRUE,"https://api.cryptowat.ch/assets/jpy","https://api.cryptowat.ch/pairs/bchjpy","quoine","bchjpy",TRUE,"https://api.cryptowat.ch/markets/quoine/bchjpy",0,0,0,0,0,0,0,0,0,0,0,0
"26",29,"ltccny-quarterly-futures","ltc","Litecoin",FALSE,"https://api.cryptowat.ch/assets/ltc","cny","Chinese yuan",TRUE,"https://api.cryptowat.ch/assets/cny","https://api.cryptowat.ch/pairs/ltccny-quarterly-futures","bitvc","ltccny-quarterly-futures",TRUE,"https://api.cryptowat.ch/markets/bitvc/ltccny-quarterly-futures",0,0,0,0,0,0,0,0,0,0,0,0
"27",30,"ethinr","eth","Ethereum",FALSE,"https://api.cryptowat.ch/assets/eth","inr","Indian Rupee",TRUE,"https://api.cryptowat.ch/assets/inr","https://api.cryptowat.ch/pairs/ethinr","quoine","ethinr",TRUE,"https://api.cryptowat.ch/markets/quoine/ethinr",0,0,0,0,0,0,0,0,0,0,0,0
"28",31,"maidbtc","maid","MaidSafe",FALSE,"https://api.cryptowat.ch/assets/maid","btc","Bitcoin",FALSE,"https://api.cryptowat.ch/assets/btc","https://api.cryptowat.ch/pairs/maidbtc","poloniex","maidbtc",TRUE,"https://api.cryptowat.ch/markets/poloniex/maidbtc",0.00014712,103.7321,0.00014713,98.56209,0.00014701,10.500602,0.00014799,608.016,0.000147,1.358788,0.00014838,266.87088
"29",32,"nxtusd","nxt","NXT",FALSE,"https://api.cryptowat.ch/assets/nxt","usd","United States dollar",TRUE,"https://api.cryptowat.ch/assets/usd","https://api.cryptowat.ch/pairs/nxtusd","poloniex","nxtusd",TRUE,"https://api.cryptowat.ch/markets/poloniex/nxtusd",0,0,0,0,0,0,0,0,0,0,0,0
"30",33,"ltcxmr","ltc","Litecoin",FALSE,"https://api.cryptowat.ch/assets/ltc","xmr","Monero",FALSE,"https://api.cryptowat.ch/assets/xmr","https://api.cryptowat.ch/pairs/ltcxmr","poloniex","ltcxmr",TRUE,"https://api.cryptowat.ch/markets/poloniex/ltcxmr",0.47950596,47.868,0.4864999,688.3569,0.47950557,0.1463344,0.48687118,0.09267293,0.47622493,0.09399519,0.48692578,0.36322585
"31",34,"bchusd","bch","Bitcoin Cash",FALSE,"https://api.cryptowat.ch/assets/bch","usd","United States dollar",TRUE,"https://api.cryptowat.ch/assets/usd","https://api.cryptowat.ch/pairs/bchusd","bitfinex","bchusd",TRUE,"https://api.cryptowat.ch/markets/bitfinex/bchusd",0,0,0,0,0,0,0,0,0,0,0,0
"32",35,"bchusd","bch","Bitcoin Cash",FALSE,"https://api.cryptowat.ch/assets/bch","usd","United States dollar",TRUE,"https://api.cryptowat.ch/assets/usd","https://api.cryptowat.ch/pairs/bchusd","kraken","bchusd",TRUE,"https://api.cryptowat.ch/markets/kraken/bchusd",0,0,0,0,0,0,0,0,0,0,0,0
"33",36,"bchusd","bch","Bitcoin Cash",FALSE,"https://api.cryptowat.ch/assets/bch","usd","United States dollar",TRUE,"https://api.cryptowat.ch/assets/usd","https://api.cryptowat.ch/pairs/bchusd","cexio","bchusd",TRUE,"https://api.cryptowat.ch/markets/cexio/bchusd",0,0,0,0,0,0,0,0,0,0,0,0
"34",37,"bchusd","bch","Bitcoin Cash",FALSE,"https://api.cryptowat.ch/assets/bch","usd","United States dollar",TRUE,"https://api.cryptowat.ch/assets/usd","https://api.cryptowat.ch/pairs/bchusd","quoine","bchusd",TRUE,"https://api.cryptowat.ch/markets/quoine/bchusd",0,0,0,0,0,0,0,0,0,0,0,0
"35",38,"btcusd","btc","Bitcoin",FALSE,"https://api.cryptowat.ch/assets/btc","usd","United States dollar",TRUE,"https://api.cryptowat.ch/assets/usd","https://api.cryptowat.ch/pairs/btcusd","bitfinex","btcusd",TRUE,"https://api.cryptowat.ch/markets/bitfinex/btcusd",0,0,0,0,0,0,0,0,0,0,0,0
"36",39,"btcusd","btc","Bitcoin",FALSE,"https://api.cryptowat.ch/assets/btc","usd","United States dollar",TRUE,"https://api.cryptowat.ch/assets/usd","https://api.cryptowat.ch/pairs/btcusd","gdax","btcusd",TRUE,"https://api.cryptowat.ch/markets/gdax/btcusd",0,0,0,0,0,0,0,0,0,0,0,0
"37",40,"btcusd","btc","Bitcoin",FALSE,"https://api.cryptowat.ch/assets/btc","usd","United States dollar",TRUE,"https://api.cryptowat.ch/assets/usd","https://api.cryptowat.ch/pairs/btcusd","bitstamp","btcusd",TRUE,"https://api.cryptowat.ch/markets/bitstamp/btcusd",0,0,0,0,0,0,0,0,0,0,0,0
"38",41,"btcusd","btc","Bitcoin",FALSE,"https://api.cryptowat.ch/assets/btc","usd","United States dollar",TRUE,"https://api.cryptowat.ch/assets/usd","https://api.cryptowat.ch/pairs/btcusd","kraken","btcusd",TRUE,"https://api.cryptowat.ch/markets/kraken/btcusd",0,0,0,0,0,0,0,0,0,0,0,0
"39",44,"btcusd","btc","Bitcoin",FALSE,"https://api.cryptowat.ch/assets/btc","usd","United States dollar",TRUE,"https://api.cryptowat.ch/assets/usd","https://api.cryptowat.ch/pairs/btcusd","cexio","btcusd",TRUE,"https://api.cryptowat.ch/markets/cexio/btcusd",0,0,0,0,0,0,0,0,0,0,0,0
"40",45,"btcusd","btc","Bitcoin",FALSE,"https://api.cryptowat.ch/assets/btc","usd","United States dollar",TRUE,"https://api.cryptowat.ch/assets/usd","https://api.cryptowat.ch/pairs/btcusd","gemini","btcusd",TRUE,"https://api.cryptowat.ch/markets/gemini/btcusd",0,0,0,0,0,0,0,0,0,0,0,0
"41",46,"btcusd","btc","Bitcoin",FALSE,"https://api.cryptowat.ch/assets/btc","usd","United States dollar",TRUE,"https://api.cryptowat.ch/assets/usd","https://api.cryptowat.ch/pairs/btcusd","quoine","btcusd",TRUE,"https://api.cryptowat.ch/markets/quoine/btcusd",0,0,0,0,0,0,0,0,0,0,0,0
"42",47,"btcusd","btc","Bitcoin",FALSE,"https://api.cryptowat.ch/assets/btc","usd","United States dollar",TRUE,"https://api.cryptowat.ch/assets/usd","https://api.cryptowat.ch/pairs/btcusd","okcoin","btcusd",TRUE,"https://api.cryptowat.ch/markets/okcoin/btcusd",0,0,0,0,0,0,0,0,0,0,0,0
"43",49,"btcusd","btc","Bitcoin",FALSE,"https://api.cryptowat.ch/assets/btc","usd","United States dollar",TRUE,"https://api.cryptowat.ch/assets/usd","https://api.cryptowat.ch/pairs/btcusd","poloniex","btcusd",TRUE,"https://api.cryptowat.ch/markets/poloniex/btcusd",0,0,0,0,0,0,0,0,0,0,0,0
"44",51,"btcusd","btc","Bitcoin",FALSE,"https://api.cryptowat.ch/assets/btc","usd","United States dollar",TRUE,"https://api.cryptowat.ch/assets/usd","https://api.cryptowat.ch/pairs/btcusd","bitsquare","btcusd",TRUE,"https://api.cryptowat.ch/markets/bitsquare/btcusd",0,0,0,0,0,0,0,0,0,0,0,0
"45",52,"dogebtc","doge","Dogecoin",FALSE,"https://api.cryptowat.ch/assets/doge","btc","Bitcoin",FALSE,"https://api.cryptowat.ch/assets/btc","https://api.cryptowat.ch/pairs/dogebtc","kraken","dogebtc",TRUE,"https://api.cryptowat.ch/markets/kraken/dogebtc",0.00000046,2579782.5,0.00000047,8213656.5,0.00000045,2377122.5,0.000000472,5531.915,0.00000044,2330629.8,0.00000048,17180.15
"46",53,"zecxmr","zec","ZEC",FALSE,"https://api.cryptowat.ch/assets/zec","xmr","Monero",FALSE,"https://api.cryptowat.ch/assets/xmr","https://api.cryptowat.ch/pairs/zecxmr","poloniex","zecxmr",TRUE,"https://api.cryptowat.ch/markets/poloniex/zecxmr",2.0812664,71.63528,2.13532,0.07751281,2.0812662,333.5294,2.1453526,0.20886031,2.0812657,1.2707925,2.1588979,0.00685201
"47",55,"repbtc","rep","Augur",FALSE,"https://api.cryptowat.ch/assets/rep","btc","Bitcoin",FALSE,"https://api.cryptowat.ch/assets/btc","https://api.cryptowat.ch/pairs/repbtc","kraken","repbtc",TRUE,"https://api.cryptowat.ch/markets/kraken/repbtc",0.005315,18.27,0.005377,1.898,0.005314,36.957,0.005378,0.591,0.005302,1053.935,0.005385,206.916
"48",56,"repbtc","rep","Augur",FALSE,"https://api.cryptowat.ch/assets/rep","btc","Bitcoin",FALSE,"https://api.cryptowat.ch/assets/btc","https://api.cryptowat.ch/pairs/repbtc","qryptos","repbtc",TRUE,"https://api.cryptowat.ch/markets/qryptos/repbtc",0,0,0,0,0,0,0,0,0,0,0,0
"49",57,"repbtc","rep","Augur",FALSE,"https://api.cryptowat.ch/assets/rep","btc","Bitcoin",FALSE,"https://api.cryptowat.ch/assets/btc","https://api.cryptowat.ch/pairs/repbtc","poloniex","repbtc",TRUE,"https://api.cryptowat.ch/markets/poloniex/repbtc",0.00531378,34.876,0.00537175,36.837986,0.00531377,2.0598483,0.00537177,1.87169,0.00531376,0.282286,0.00537204,0.0104597
"50",58,"bcheth","bch","Bitcoin Cash",FALSE,"https://api.cryptowat.ch/assets/bch","eth","Ethereum",FALSE,"https://api.cryptowat.ch/assets/eth","https://api.cryptowat.ch/pairs/bcheth","bitfinex","bcheth",TRUE,"https://api.cryptowat.ch/markets/bitfinex/bcheth",1.4505,37.034786,1.4655,9.0154,1.4504,2.695677,1.4656,13.952,1.4503,8,1.4657,9.0153
"51",59,"zecgbp","zec","ZEC",FALSE,"https://api.cryptowat.ch/assets/zec","gbp","British Pound",TRUE,"https://api.cryptowat.ch/assets/gbp","https://api.cryptowat.ch/pairs/zecgbp","kraken","zecgbp",TRUE,"https://api.cryptowat.ch/markets/kraken/zecgbp",0,0,0,0,0,0,0,0,0,0,0,0
"52",60,"xrpjpy","xrp","Ripple",FALSE,"https://api.cryptowat.ch/assets/xrp","jpy","Japanese Yen",TRUE,"https://api.cryptowat.ch/assets/jpy","https://api.cryptowat.ch/pairs/xrpjpy","kraken","xrpjpy",TRUE,"https://api.cryptowat.ch/markets/kraken/xrpjpy",0,0,0,0,0,0,0,0,0,0,0,0
"53",61,"nxtbtc","nxt","NXT",FALSE,"https://api.cryptowat.ch/assets/nxt","btc","Bitcoin",FALSE,"https://api.cryptowat.ch/assets/btc","https://api.cryptowat.ch/pairs/nxtbtc","poloniex","nxtbtc",TRUE,"https://api.cryptowat.ch/markets/poloniex/nxtbtc",0.00002441,1163.7053,0.00002442,72348.27,0.0000243,8230.453,0.00002443,11878.614,0.00002428,8237.232,0.00002445,16285.169
"54",62,"ltcusd-biweekly-futures","ltc","Litecoin",FALSE,"https://api.cryptowat.ch/assets/ltc","usd","United States dollar",TRUE,"https://api.cryptowat.ch/assets/usd","https://api.cryptowat.ch/pairs/ltcusd-biweekly-futures","okcoin","ltcusd-biweekly-futures",TRUE,"https://api.cryptowat.ch/markets/okcoin/ltcusd-biweekly-futures",0,0,0,0,0,0,0,0,0,0,0,0
"55",63,"xmrbtc","xmr","Monero",FALSE,"https://api.cryptowat.ch/assets/xmr","btc","Bitcoin",FALSE,"https://api.cryptowat.ch/assets/btc","https://api.cryptowat.ch/pairs/xmrbtc","bitfinex","xmrbtc",TRUE,"https://api.cryptowat.ch/markets/bitfinex/xmrbtc",0.028204,75.214,0.028276,24.944,0.028203,2.1218946,0.028286,0.18139374,0.02804,146.46143,0.028554,240.77873
"56",64,"xmrbtc","xmr","Monero",FALSE,"https://api.cryptowat.ch/assets/xmr","btc","Bitcoin",FALSE,"https://api.cryptowat.ch/assets/btc","https://api.cryptowat.ch/pairs/xmrbtc","kraken","xmrbtc",TRUE,"https://api.cryptowat.ch/markets/kraken/xmrbtc",0.028303,0.869,0.028746,25.983,0.028302,0.293,0.028747,0.732,0.028301,20,0.028748,259.525
"57",65,"xmrbtc","xmr","Monero",FALSE,"https://api.cryptowat.ch/assets/xmr","btc","Bitcoin",FALSE,"https://api.cryptowat.ch/assets/btc","https://api.cryptowat.ch/pairs/xmrbtc","qryptos","xmrbtc",TRUE,"https://api.cryptowat.ch/markets/qryptos/xmrbtc",0.02782,10,0,0,0,0,0,0,0,0,0,0
"58",66,"xmrbtc","xmr","Monero",FALSE,"https://api.cryptowat.ch/assets/xmr","btc","Bitcoin",FALSE,"https://api.cryptowat.ch/assets/btc","https://api.cryptowat.ch/pairs/xmrbtc","poloniex","xmrbtc",TRUE,"https://api.cryptowat.ch/markets/poloniex/xmrbtc",0.02818343,76.923,0.0282,2.7821343,0.02818342,4.1664,0.02822502,7.3339143,0.02818341,75.369,0.028262,2.9145
"59",67,"ethbtc","eth","Ethereum",FALSE,"https://api.cryptowat.ch/assets/eth","btc","Bitcoin",FALSE,"https://api.cryptowat.ch/assets/btc","https://api.cryptowat.ch/pairs/ethbtc","bitfinex","ethbtc",TRUE,"https://api.cryptowat.ch/markets/bitfinex/ethbtc",0.08454,0.10452079,0.08453,5.3802786,0.08453,25,0.084549,19.274,0.084528,0.362125,0.084563,0.05893168
"60",68,"ethbtc","eth","Ethereum",FALSE,"https://api.cryptowat.ch/assets/eth","btc","Bitcoin",FALSE,"https://api.cryptowat.ch/assets/btc","https://api.cryptowat.ch/pairs/ethbtc","gdax","ethbtc",TRUE,"https://api.cryptowat.ch/markets/gdax/ethbtc",0.08452,0.249162,0.08453,9.286,0.08436,69.186,0.08454,0.38778,0.08433,0.02,0.08455,10
"61",69,"ethbtc","eth","Ethereum",FALSE,"https://api.cryptowat.ch/assets/eth","btc","Bitcoin",FALSE,"https://api.cryptowat.ch/assets/btc","https://api.cryptowat.ch/pairs/ethbtc","bitstamp","ethbtc",TRUE,"https://api.cryptowat.ch/markets/bitstamp/ethbtc",0.08426941,71.872,0.08489927,1.5483128,0.0842694,86.03443,0.08489928,69.93,0.08426938,2.4,0.08489929,2.4
"62",70,"ethbtc","eth","Ethereum",FALSE,"https://api.cryptowat.ch/assets/eth","btc","Bitcoin",FALSE,"https://api.cryptowat.ch/assets/btc","https://api.cryptowat.ch/pairs/ethbtc","kraken","ethbtc",TRUE,"https://api.cryptowat.ch/markets/kraken/ethbtc",0.084309,0.73,0.084488,3,0.0843,5.073,0.084489,3,0.084295,1,0.0845,124.314
"63",73,"ethbtc","eth","Ethereum",FALSE,"https://api.cryptowat.ch/assets/eth","btc","Bitcoin",FALSE,"https://api.cryptowat.ch/assets/btc","https://api.cryptowat.ch/pairs/ethbtc","cexio","ethbtc",TRUE,"https://api.cryptowat.ch/markets/cexio/ethbtc",0.08412405,0.327437,0.08439999,0.6,0.08412404,0.6,0.0844,0.427882,0.084087,0.2,0.08458995,5.27822
"64",74,"ethbtc","eth","Ethereum",FALSE,"https://api.cryptowat.ch/assets/eth","btc","Bitcoin",FALSE,"https://api.cryptowat.ch/assets/btc","https://api.cryptowat.ch/pairs/ethbtc","gemini","ethbtc",TRUE,"https://api.cryptowat.ch/markets/gemini/ethbtc",0.08441,55.36314,0.08442,60.6329,0.08439,0.202,0.08443,0.102,0.08437,0.102,0.08444,40.756
"65",75,"ethbtc","eth","Ethereum",FALSE,"https://api.cryptowat.ch/assets/eth","btc","Bitcoin",FALSE,"https://api.cryptowat.ch/assets/btc","https://api.cryptowat.ch/pairs/ethbtc","quoine","ethbtc",TRUE,"https://api.cryptowat.ch/markets/quoine/ethbtc",0.0833,0.5,0.08585,0.5,0.08193,50,0.08591,10,0.06901,55,0.086,10.5
"66",76,"ethbtc","eth","Ethereum",FALSE,"https://api.cryptowat.ch/assets/eth","btc","Bitcoin",FALSE,"https://api.cryptowat.ch/assets/btc","https://api.cryptowat.ch/pairs/ethbtc","qryptos","ethbtc",TRUE,"https://api.cryptowat.ch/markets/qryptos/ethbtc",0.05012,20,0.12498,6.5,0.0501,10,0.125,50,0.04928,20,0.2,25
"67",77,"ethbtc","eth","Ethereum",FALSE,"https://api.cryptowat.ch/assets/eth","btc","Bitcoin",FALSE,"https://api.cryptowat.ch/assets/btc","https://api.cryptowat.ch/pairs/ethbtc","bitflyer","ethbtc",TRUE,"https://api.cryptowat.ch/markets/bitflyer/ethbtc",0.0842,4.8,0.08475,0.2632699,0.08419,22,0.08479,1,0.08414,0.235,0.0848,31.70072
"68",78,"ethbtc","eth","Ethereum",FALSE,"https://api.cryptowat.ch/assets/eth","btc","Bitcoin",FALSE,"https://api.cryptowat.ch/assets/btc","https://api.cryptowat.ch/pairs/ethbtc","poloniex","ethbtc",TRUE,"https://api.cryptowat.ch/markets/poloniex/ethbtc",0.0844,1.3679799,0.08442151,15.398919,0.08439998,6.1457357,0.08443498,8.758213,0.08436984,69.321,0.08444,0.2516673
"69",79,"ethbtc","eth","Ethereum",FALSE,"https://api.cryptowat.ch/assets/eth","btc","Bitcoin",FALSE,"https://api.cryptowat.ch/assets/btc","https://api.cryptowat.ch/pairs/ethbtc","bitsquare","ethbtc",TRUE,"https://api.cryptowat.ch/markets/bitsquare/ethbtc",0,0,0,0,0,0,0,0,0,0,0,0
"70",80,"bchbtc","bch","Bitcoin Cash",FALSE,"https://api.cryptowat.ch/assets/bch","btc","Bitcoin",FALSE,"https://api.cryptowat.ch/assets/btc","https://api.cryptowat.ch/pairs/bchbtc","bitfinex","bchbtc",TRUE,"https://api.cryptowat.ch/markets/bitfinex/bchbtc",0.1232,5,0.12327,2.656,0.12304,20.08428,0.12328,2,0.12302,29.22,0.12348,0.002
"71",81,"bchbtc","bch","Bitcoin Cash",FALSE,"https://api.cryptowat.ch/assets/bch","btc","Bitcoin",FALSE,"https://api.cryptowat.ch/assets/btc","https://api.cryptowat.ch/pairs/bchbtc","kraken","bchbtc",TRUE,"https://api.cryptowat.ch/markets/kraken/bchbtc",0.122007,9,0.122455,0.136,0.12151,0.368,0.122456,0.074,0.121509,0.367,0.12246,0.005
"72",82,"bchbtc","bch","Bitcoin Cash",FALSE,"https://api.cryptowat.ch/assets/bch","btc","Bitcoin",FALSE,"https://api.cryptowat.ch/assets/btc","https://api.cryptowat.ch/pairs/bchbtc","bitflyer","bchbtc",TRUE,"https://api.cryptowat.ch/markets/bitflyer/bchbtc",0.12224,0.12,0.12439,0.12,0.12223,100,0.1244,0.12,0.12222,2.73,0.12468,0.02
"73",83,"bchbtc","bch","Bitcoin Cash",FALSE,"https://api.cryptowat.ch/assets/bch","btc","Bitcoin",FALSE,"https://api.cryptowat.ch/assets/btc","https://api.cryptowat.ch/pairs/bchbtc","poloniex","bchbtc",TRUE,"https://api.cryptowat.ch/markets/poloniex/bchbtc",0.12300001,0.00087594,0.12311989,5.8827295,0.123,0.23195738,0.12312007,0.002,0.12289413,0.00087594,0.12328063,1.6728524
"74",84,"usdtusd","usdt","Tether",FALSE,"https://api.cryptowat.ch/assets/usdt","usd","United States dollar",TRUE,"https://api.cryptowat.ch/assets/usd","https://api.cryptowat.ch/pairs/usdtusd","kraken","usdtusd",TRUE,"https://api.cryptowat.ch/markets/kraken/usdtusd",0,0,0,0,0,0,0,0,0,0,0,0
"75",86,"daobtc","dao","Decentralized Autonomous Organization",FALSE,"https://api.cryptowat.ch/assets/dao","btc","Bitcoin",FALSE,"https://api.cryptowat.ch/assets/btc","https://api.cryptowat.ch/pairs/daobtc","poloniex","daobtc",TRUE,"https://api.cryptowat.ch/markets/poloniex/daobtc",0,0,0,0,0,0,0,0,0,0,0,0
"76",87,"btckrw","btc","Bitcoin",FALSE,"https://api.cryptowat.ch/assets/btc","krw","South Korean Won",TRUE,"https://api.cryptowat.ch/assets/krw","https://api.cryptowat.ch/pairs/btckrw","bithumb","btckrw",TRUE,"https://api.cryptowat.ch/markets/bithumb/btckrw",0,0,0,0,0,0,0,0,0,0,0,0
"77",88,"btcgbp","btc","Bitcoin",FALSE,"https://api.cryptowat.ch/assets/btc","gbp","British Pound",TRUE,"https://api.cryptowat.ch/assets/gbp","https://api.cryptowat.ch/pairs/btcgbp","gdax","btcgbp",TRUE,"https://api.cryptowat.ch/markets/gdax/btcgbp",0,0,0,0,0,0,0,0,0,0,0,0
"78",89,"btcgbp","btc","Bitcoin",FALSE,"https://api.cryptowat.ch/assets/btc","gbp","British Pound",TRUE,"https://api.cryptowat.ch/assets/gbp","https://api.cryptowat.ch/pairs/btcgbp","kraken","btcgbp",TRUE,"https://api.cryptowat.ch/markets/kraken/btcgbp",0,0,0,0,0,0,0,0,0,0,0,0
"79",90,"ethidr","eth","Ethereum",FALSE,"https://api.cryptowat.ch/assets/eth","idr","Indonesian Rupiah",TRUE,"https://api.cryptowat.ch/assets/idr","https://api.cryptowat.ch/pairs/ethidr","quoine","ethidr",TRUE,"https://api.cryptowat.ch/markets/quoine/ethidr",0,0,0,0,0,0,0,0,0,0,0,0
"80",91,"fctbtc","fct","Factom",FALSE,"https://api.cryptowat.ch/assets/fct","btc","Bitcoin",FALSE,"https://api.cryptowat.ch/assets/btc","https://api.cryptowat.ch/pairs/fctbtc","poloniex","fctbtc",TRUE,"https://api.cryptowat.ch/markets/poloniex/fctbtc",0.00652999,7.0068684,0.00655868,9.321319,0.00651371,289.88812,0.00655869,130.27327,0.0065137,199.05342,0.00655872,2.98
"81",92,"gntbtc","gnt","Golem",FALSE,"https://api.cryptowat.ch/assets/gnt","btc","Bitcoin",FALSE,"https://api.cryptowat.ch/assets/btc","https://api.cryptowat.ch/pairs/gntbtc","poloniex","gntbtc",TRUE,"https://api.cryptowat.ch/markets/poloniex/gntbtc",0.0000712,351.1236,0.00007141,4.535402,0.0000709,2955.4192,0.00007142,43965.855,0.00007084,359.96613,0.00007143,1189.9235
"82",93,"repcad","rep","Augur",FALSE,"https://api.cryptowat.ch/assets/rep","cad","Canadian dollar",TRUE,"https://api.cryptowat.ch/assets/cad","https://api.cryptowat.ch/pairs/repcad","kraken","repcad",TRUE,"https://api.cryptowat.ch/markets/kraken/repcad",0,0,0,0,0,0,0,0,0,0,0,0
"83",94,"btcinr","btc","Bitcoin",FALSE,"https://api.cryptowat.ch/assets/btc","inr","Indian Rupee",TRUE,"https://api.cryptowat.ch/assets/inr","https://api.cryptowat.ch/pairs/btcinr","quoine","btcinr",TRUE,"https://api.cryptowat.ch/markets/quoine/btcinr",0,0,0,0,0,0,0,0,0,0,0,0
"84",95,"navbtc","nav","NAV Coin",FALSE,"https://api.cryptowat.ch/assets/nav","btc","Bitcoin",FALSE,"https://api.cryptowat.ch/assets/btc","https://api.cryptowat.ch/pairs/navbtc","poloniex","navbtc",TRUE,"https://api.cryptowat.ch/markets/poloniex/navbtc",0.00010975,13.667426,0.000111,4.7517195,0.00010974,90.33688,0.00011149,4.9925,0.00010966,5.702898,0.0001115,299.25
"85",96,"stratbtc","strat","Stratis",FALSE,"https://api.cryptowat.ch/assets/strat","btc","Bitcoin",FALSE,"https://api.cryptowat.ch/assets/btc","https://api.cryptowat.ch/pairs/stratbtc","poloniex","stratbtc",TRUE,"https://api.cryptowat.ch/markets/poloniex/stratbtc",0.00149289,0.2009592,0.00150459,8.199842,0.00149288,62.736034,0.0015046,21.965899,0.00149285,0.6627739,0.00150485,174.34068
"86",97,"btcjpy-biweekly-futures","btc","Bitcoin",FALSE,"https://api.cryptowat.ch/assets/btc","jpy","Japanese Yen",TRUE,"https://api.cryptowat.ch/assets/jpy","https://api.cryptowat.ch/pairs/btcjpy-biweekly-futures","bitflyer","btcjpy-biweekly-futures",TRUE,"https://api.cryptowat.ch/markets/bitflyer/btcjpy-biweekly-futures",0,0,0,0,0,0,0,0,0,0,0,0
"87",99,"btcusd-quarterly-futures","btc","Bitcoin",FALSE,"https://api.cryptowat.ch/assets/btc","usd","United States dollar",TRUE,"https://api.cryptowat.ch/assets/usd","https://api.cryptowat.ch/pairs/btcusd-quarterly-futures","okcoin","btcusd-quarterly-futures",TRUE,"https://api.cryptowat.ch/markets/okcoin/btcusd-quarterly-futures",0,0,0,0,0,0,0,0,0,0,0,0
"88",100,"ethgbp","eth","Ethereum",FALSE,"https://api.cryptowat.ch/assets/eth","gbp","British Pound",TRUE,"https://api.cryptowat.ch/assets/gbp","https://api.cryptowat.ch/pairs/ethgbp","kraken","ethgbp",TRUE,"https://api.cryptowat.ch/markets/kraken/ethgbp",0,0,0,0,0,0,0,0,0,0,0,0
"89",101,"gnoeur","gno","Gnosis",FALSE,"https://api.cryptowat.ch/assets/gno","eur","euro",TRUE,"https://api.cryptowat.ch/assets/eur","https://api.cryptowat.ch/pairs/gnoeur","kraken","gnoeur",TRUE,"https://api.cryptowat.ch/markets/kraken/gnoeur",0,0,0,0,0,0,0,0,0,0,0,0
"90",102,"repjpy","rep","Augur",FALSE,"https://api.cryptowat.ch/assets/rep","jpy","Japanese Yen",TRUE,"https://api.cryptowat.ch/assets/jpy","https://api.cryptowat.ch/pairs/repjpy","kraken","repjpy",TRUE,"https://api.cryptowat.ch/markets/kraken/repjpy",0,0,0,0,0,0,0,0,0,0,0,0
"91",104,"ltccny-weekly-futures","ltc","Litecoin",FALSE,"https://api.cryptowat.ch/assets/ltc","cny","Chinese yuan",TRUE,"https://api.cryptowat.ch/assets/cny","https://api.cryptowat.ch/pairs/ltccny-weekly-futures","bitvc","ltccny-weekly-futures",TRUE,"https://api.cryptowat.ch/markets/bitvc/ltccny-weekly-futures",0,0,0,0,0,0,0,0,0,0,0,0
"92",105,"xbt-perpetual-futures","btc","Bitcoin",FALSE,"https://api.cryptowat.ch/assets/btc","usd","United States dollar",TRUE,"https://api.cryptowat.ch/assets/usd","https://api.cryptowat.ch/pairs/xbt-perpetual-futures","bitmex","xbt-perpetual-futures",TRUE,"https://api.cryptowat.ch/markets/bitmex/xbt-perpetual-futures",0,0,0,0,0,0,0,0,0,0,0,0
"93",106,"etckrw","etc","Ethereum Classic",FALSE,"https://api.cryptowat.ch/assets/etc","krw","South Korean Won",TRUE,"https://api.cryptowat.ch/assets/krw","https://api.cryptowat.ch/pairs/etckrw","bithumb","etckrw",TRUE,"https://api.cryptowat.ch/markets/bithumb/etckrw",0,0,0,0,0,0,0,0,0,0,0,0
"94",107,"omgusd","omg","OmiseGo",FALSE,"https://api.cryptowat.ch/assets/omg","usd","United States dollar",TRUE,"https://api.cryptowat.ch/assets/usd","https://api.cryptowat.ch/pairs/omgusd","bitfinex","omgusd",TRUE,"https://api.cryptowat.ch/markets/bitfinex/omgusd",0,0,0,0,0,0,0,0,0,0,0,0
"95",108,"omgeth","omg","OmiseGo",FALSE,"https://api.cryptowat.ch/assets/omg","eth","Ethereum",FALSE,"https://api.cryptowat.ch/assets/eth","https://api.cryptowat.ch/pairs/omgeth","bitfinex","omgeth",TRUE,"https://api.cryptowat.ch/markets/bitfinex/omgeth",0.02798,0.00019439,0.028,4048.039,0.027877,10.750332,0.02809,4595.646,0.027876,1164.736,0.0281,7.988327
"96",109,"btcsgd","btc","Bitcoin",FALSE,"https://api.cryptowat.ch/assets/btc","sgd","Singapore Dollar",TRUE,"https://api.cryptowat.ch/assets/sgd","https://api.cryptowat.ch/pairs/btcsgd","quoine","btcsgd",TRUE,"https://api.cryptowat.ch/markets/quoine/btcsgd",0,0,0,0,0,0,0,0,0,0,0,0
"97",110,"btccny","btc","Bitcoin",FALSE,"https://api.cryptowat.ch/assets/btc","cny","Chinese yuan",TRUE,"https://api.cryptowat.ch/assets/cny","https://api.cryptowat.ch/pairs/btccny","quoine","btccny",TRUE,"https://api.cryptowat.ch/markets/quoine/btccny",0,0,0,0,0,0,0,0,0,0,0,0
"98",111,"btccny","btc","Bitcoin",FALSE,"https://api.cryptowat.ch/assets/btc","cny","Chinese yuan",TRUE,"https://api.cryptowat.ch/assets/cny","https://api.cryptowat.ch/pairs/btccny","okcoin","btccny",TRUE,"https://api.cryptowat.ch/markets/okcoin/btccny",0,0,0,0,0,0,0,0,0,0,0,0
"99",112,"btccny","btc","Bitcoin",FALSE,"https://api.cryptowat.ch/assets/btc","cny","Chinese yuan",TRUE,"https://api.cryptowat.ch/assets/cny","https://api.cryptowat.ch/pairs/btccny","btc-china","btccny",TRUE,"https://api.cryptowat.ch/markets/btc-china/btccny",0,0,0,0,0,0,0,0,0,0,0,0
"100",113,"btccny","btc","Bitcoin",FALSE,"https://api.cryptowat.ch/assets/btc","cny","Chinese yuan",TRUE,"https://api.cryptowat.ch/assets/cny","https://api.cryptowat.ch/pairs/btccny","huobi","btccny",TRUE,"https://api.cryptowat.ch/markets/huobi/btccny",0,0,0,0,0,0,0,0,0,0,0,0
"101",114,"bcuusd","bcu","Bitcoin Unlimited Token",FALSE,"https://api.cryptowat.ch/assets/bcu","usd","United States dollar",TRUE,"https://api.cryptowat.ch/assets/usd","https://api.cryptowat.ch/pairs/bcuusd","bitfinex","bcuusd",TRUE,"https://api.cryptowat.ch/markets/bitfinex/bcuusd",0,0,0,0,0,0,0,0,0,0,0,0
"102",115,"ioteth","iot","IOTA",FALSE,"https://api.cryptowat.ch/assets/iot","eth","Ethereum",FALSE,"https://api.cryptowat.ch/assets/eth","https://api.cryptowat.ch/pairs/ioteth","bitfinex","ioteth",TRUE,"https://api.cryptowat.ch/markets/bitfinex/ioteth",0.0021711,1373.3022,0.00219,1401.9506,0.002171,2962.8176,0.0022155,2340.224,0.00217,3314.8623,0.0022156,3942.9187
"103",116,"btccad","btc","Bitcoin",FALSE,"https://api.cryptowat.ch/assets/btc","cad","Canadian dollar",TRUE,"https://api.cryptowat.ch/assets/cad","https://api.cryptowat.ch/pairs/btccad","kraken","btccad",TRUE,"https://api.cryptowat.ch/markets/kraken/btccad",0,0,0,0,0,0,0,0,0,0,0,0
"104",118,"ethjpy","eth","Ethereum",FALSE,"https://api.cryptowat.ch/assets/eth","jpy","Japanese Yen",TRUE,"https://api.cryptowat.ch/assets/jpy","https://api.cryptowat.ch/pairs/ethjpy","kraken","ethjpy",TRUE,"https://api.cryptowat.ch/markets/kraken/ethjpy",0,0,0,0,0,0,0,0,0,0,0,0
"105",119,"ethjpy","eth","Ethereum",FALSE,"https://api.cryptowat.ch/assets/eth","jpy","Japanese Yen",TRUE,"https://api.cryptowat.ch/assets/jpy","https://api.cryptowat.ch/pairs/ethjpy","quoine","ethjpy",TRUE,"https://api.cryptowat.ch/markets/quoine/ethjpy",0,0,0,0,0,0,0,0,0,0,0,0
"106",120,"dashbtc","dash","Dash",FALSE,"https://api.cryptowat.ch/assets/dash","btc","Bitcoin",FALSE,"https://api.cryptowat.ch/assets/btc","https://api.cryptowat.ch/pairs/dashbtc","bitfinex","dashbtc",TRUE,"https://api.cryptowat.ch/markets/bitfinex/dashbtc",0.080376,0.084833,0.080658,10.898,0.080375,0.21033764,0.080659,3.3254533,0.080166,69.697,0.080662,6.603433
"107",121,"dashbtc","dash","Dash",FALSE,"https://api.cryptowat.ch/assets/dash","btc","Bitcoin",FALSE,"https://api.cryptowat.ch/assets/btc","https://api.cryptowat.ch/pairs/dashbtc","kraken","dashbtc",TRUE,"https://api.cryptowat.ch/markets/kraken/dashbtc",0.080026,8.084,0.080492,2.173,0.079606,6.268,0.080493,2.754,0.0796,0.349,0.080494,0.17
"108",123,"dashbtc","dash","Dash",FALSE,"https://api.cryptowat.ch/assets/dash","btc","Bitcoin",FALSE,"https://api.cryptowat.ch/assets/btc","https://api.cryptowat.ch/pairs/dashbtc","poloniex","dashbtc",TRUE,"https://api.cryptowat.ch/markets/poloniex/dashbtc",0.08020845,73.737,0.08056991,0.32621267,0.08020844,2.1431322,0.08056992,10.125269,0.08020842,3.8352149,0.08056993,0.24795361
"109",124,"bccbtc","bcc","Bitcoin Core Token",FALSE,"https://api.cryptowat.ch/assets/bcc","btc","Bitcoin",FALSE,"https://api.cryptowat.ch/assets/btc","https://api.cryptowat.ch/pairs/bccbtc","bitfinex","bccbtc",TRUE,"https://api.cryptowat.ch/markets/bitfinex/bccbtc",0.8401,0.05,0.9,2.231407,0.833,0.02,0.90352,0.01033885,0.82,0.01,0.91674,0.019
"110",125,"ltcusd","ltc","Litecoin",FALSE,"https://api.cryptowat.ch/assets/ltc","usd","United States dollar",TRUE,"https://api.cryptowat.ch/assets/usd","https://api.cryptowat.ch/pairs/ltcusd","bitfinex","ltcusd",TRUE,"https://api.cryptowat.ch/markets/bitfinex/ltcusd",0,0,0,0,0,0,0,0,0,0,0,0
"111",126,"ltcusd","ltc","Litecoin",FALSE,"https://api.cryptowat.ch/assets/ltc","usd","United States dollar",TRUE,"https://api.cryptowat.ch/assets/usd","https://api.cryptowat.ch/pairs/ltcusd","gdax","ltcusd",TRUE,"https://api.cryptowat.ch/markets/gdax/ltcusd",0,0,0,0,0,0,0,0,0,0,0,0
"112",127,"ltcusd","ltc","Litecoin",FALSE,"https://api.cryptowat.ch/assets/ltc","usd","United States dollar",TRUE,"https://api.cryptowat.ch/assets/usd","https://api.cryptowat.ch/pairs/ltcusd","bitstamp","ltcusd",TRUE,"https://api.cryptowat.ch/markets/bitstamp/ltcusd",0,0,0,0,0,0,0,0,0,0,0,0
"113",128,"ltcusd","ltc","Litecoin",FALSE,"https://api.cryptowat.ch/assets/ltc","usd","United States dollar",TRUE,"https://api.cryptowat.ch/assets/usd","https://api.cryptowat.ch/pairs/ltcusd","kraken","ltcusd",TRUE,"https://api.cryptowat.ch/markets/kraken/ltcusd",0,0,0,0,0,0,0,0,0,0,0,0
"114",131,"ltcusd","ltc","Litecoin",FALSE,"https://api.cryptowat.ch/assets/ltc","usd","United States dollar",TRUE,"https://api.cryptowat.ch/assets/usd","https://api.cryptowat.ch/pairs/ltcusd","cexio","ltcusd",TRUE,"https://api.cryptowat.ch/markets/cexio/ltcusd",0,0,0,0,0,0,0,0,0,0,0,0
"115",132,"ltcusd","ltc","Litecoin",FALSE,"https://api.cryptowat.ch/assets/ltc","usd","United States dollar",TRUE,"https://api.cryptowat.ch/assets/usd","https://api.cryptowat.ch/pairs/ltcusd","okcoin","ltcusd",TRUE,"https://api.cryptowat.ch/markets/okcoin/ltcusd",0,0,0,0,0,0,0,0,0,0,0,0
"116",133,"ltcusd","ltc","Litecoin",FALSE,"https://api.cryptowat.ch/assets/ltc","usd","United States dollar",TRUE,"https://api.cryptowat.ch/assets/usd","https://api.cryptowat.ch/pairs/ltcusd","poloniex","ltcusd",TRUE,"https://api.cryptowat.ch/markets/poloniex/ltcusd",0,0,0,0,0,0,0,0,0,0,0,0
"117",134,"ethusd","eth","Ethereum",FALSE,"https://api.cryptowat.ch/assets/eth","usd","United States dollar",TRUE,"https://api.cryptowat.ch/assets/usd","https://api.cryptowat.ch/pairs/ethusd","bitfinex","ethusd",TRUE,"https://api.cryptowat.ch/markets/bitfinex/ethusd",0,0,0,0,0,0,0,0,0,0,0,0
"118",135,"ethusd","eth","Ethereum",FALSE,"https://api.cryptowat.ch/assets/eth","usd","United States dollar",TRUE,"https://api.cryptowat.ch/assets/usd","https://api.cryptowat.ch/pairs/ethusd","gdax","ethusd",TRUE,"https://api.cryptowat.ch/markets/gdax/ethusd",0,0,0,0,0,0,0,0,0,0,0,0
"119",136,"ethusd","eth","Ethereum",FALSE,"https://api.cryptowat.ch/assets/eth","usd","United States dollar",TRUE,"https://api.cryptowat.ch/assets/usd","https://api.cryptowat.ch/pairs/ethusd","bitstamp","ethusd",TRUE,"https://api.cryptowat.ch/markets/bitstamp/ethusd",0,0,0,0,0,0,0,0,0,0,0,0
"120",137,"ethusd","eth","Ethereum",FALSE,"https://api.cryptowat.ch/assets/eth","usd","United States dollar",TRUE,"https://api.cryptowat.ch/assets/usd","https://api.cryptowat.ch/pairs/ethusd","kraken","ethusd",TRUE,"https://api.cryptowat.ch/markets/kraken/ethusd",0,0,0,0,0,0,0,0,0,0,0,0
"121",140,"ethusd","eth","Ethereum",FALSE,"https://api.cryptowat.ch/assets/eth","usd","United States dollar",TRUE,"https://api.cryptowat.ch/assets/usd","https://api.cryptowat.ch/pairs/ethusd","gemini","ethusd",TRUE,"https://api.cryptowat.ch/markets/gemini/ethusd",0,0,0,0,0,0,0,0,0,0,0,0
"122",141,"ethusd","eth","Ethereum",FALSE,"https://api.cryptowat.ch/assets/eth","usd","United States dollar",TRUE,"https://api.cryptowat.ch/assets/usd","https://api.cryptowat.ch/pairs/ethusd","quoine","ethusd",TRUE,"https://api.cryptowat.ch/markets/quoine/ethusd",0,0,0,0,0,0,0,0,0,0,0,0
"123",142,"ethusd","eth","Ethereum",FALSE,"https://api.cryptowat.ch/assets/eth","usd","United States dollar",TRUE,"https://api.cryptowat.ch/assets/usd","https://api.cryptowat.ch/pairs/ethusd","poloniex","ethusd",TRUE,"https://api.cryptowat.ch/markets/poloniex/ethusd",0,0,0,0,0,0,0,0,0,0,0,0
"124",143,"ethkrw","eth","Ethereum",FALSE,"https://api.cryptowat.ch/assets/eth","krw","South Korean Won",TRUE,"https://api.cryptowat.ch/assets/krw","https://api.cryptowat.ch/pairs/ethkrw","bithumb","ethkrw",TRUE,"https://api.cryptowat.ch/markets/bithumb/ethkrw",0,0,0,0,0,0,0,0,0,0,0,0
"125",144,"mlneth","mln","Melonport",FALSE,"https://api.cryptowat.ch/assets/mln","eth","Ethereum",FALSE,"https://api.cryptowat.ch/assets/eth","https://api.cryptowat.ch/pairs/mlneth","kraken","mlneth",TRUE,"https://api.cryptowat.ch/markets/kraken/mlneth",0.19465,0.522,0.21356,9.137,0.19462,0.785,0.215,0.143,0.1945,5.883,0.2177,11.755
"126",145,"repusd","rep","Augur",FALSE,"https://api.cryptowat.ch/assets/rep","usd","United States dollar",TRUE,"https://api.cryptowat.ch/assets/usd","https://api.cryptowat.ch/pairs/repusd","kraken","repusd",TRUE,"https://api.cryptowat.ch/markets/kraken/repusd",0,0,0,0,0,0,0,0,0,0,0,0
"127",146,"repusd","rep","Augur",FALSE,"https://api.cryptowat.ch/assets/rep","usd","United States dollar",TRUE,"https://api.cryptowat.ch/assets/usd","https://api.cryptowat.ch/pairs/repusd","poloniex","repusd",TRUE,"https://api.cryptowat.ch/markets/poloniex/repusd",0,0,0,0,0,0,0,0,0,0,0,0
"128",147,"btcphp","btc","Bitcoin",FALSE,"https://api.cryptowat.ch/assets/btc","php","Philippine Peso",TRUE,"https://api.cryptowat.ch/assets/php","https://api.cryptowat.ch/pairs/btcphp","quoine","btcphp",TRUE,"https://api.cryptowat.ch/markets/quoine/btcphp",0,0,0,0,0,0,0,0,0,0,0,0
"129",148,"btccny-quarterly-futures","btc","Bitcoin",FALSE,"https://api.cryptowat.ch/assets/btc","cny","Chinese yuan",TRUE,"https://api.cryptowat.ch/assets/cny","https://api.cryptowat.ch/pairs/btccny-quarterly-futures","bitvc","btccny-quarterly-futures",TRUE,"https://api.cryptowat.ch/markets/bitvc/btccny-quarterly-futures",0,0,0,0,0,0,0,0,0,0,0,0
"130",149,"btcjpy-weekly-futures","btc","Bitcoin",FALSE,"https://api.cryptowat.ch/assets/btc","jpy","Japanese Yen",TRUE,"https://api.cryptowat.ch/assets/jpy","https://api.cryptowat.ch/pairs/btcjpy-weekly-futures","bitflyer","btcjpy-weekly-futures",TRUE,"https://api.cryptowat.ch/markets/bitflyer/btcjpy-weekly-futures",0,0,0,0,0,0,0,0,0,0,0,0
"131",150,"btcusd-weekly-futures","btc","Bitcoin",FALSE,"https://api.cryptowat.ch/assets/btc","usd","United States dollar",TRUE,"https://api.cryptowat.ch/assets/usd","https://api.cryptowat.ch/pairs/btcusd-weekly-futures","okcoin","btcusd-weekly-futures",TRUE,"https://api.cryptowat.ch/markets/okcoin/btcusd-weekly-futures",0,0,0,0,0,0,0,0,0,0,0,0
"132",152,"btcusd-biweekly-futures","btc","Bitcoin",FALSE,"https://api.cryptowat.ch/assets/btc","usd","United States dollar",TRUE,"https://api.cryptowat.ch/assets/usd","https://api.cryptowat.ch/pairs/btcusd-biweekly-futures","okcoin","btcusd-biweekly-futures",TRUE,"https://api.cryptowat.ch/markets/okcoin/btcusd-biweekly-futures",0,0,0,0,0,0,0,0,0,0,0,0
"133",153,"xbt-monthly-futures","btc","Bitcoin",FALSE,"https://api.cryptowat.ch/assets/btc","usd","United States dollar",TRUE,"https://api.cryptowat.ch/assets/usd","https://api.cryptowat.ch/pairs/xbt-monthly-futures","bitmex","xbt-monthly-futures",TRUE,"https://api.cryptowat.ch/markets/bitmex/xbt-monthly-futures",0,0,0,0,0,0,0,0,0,0,0,0
"134",154,"lskbtc","lsk","Lisk",FALSE,"https://api.cryptowat.ch/assets/lsk","btc","Bitcoin",FALSE,"https://api.cryptowat.ch/assets/btc","https://api.cryptowat.ch/pairs/lskbtc","poloniex","lskbtc",TRUE,"https://api.cryptowat.ch/markets/poloniex/lskbtc",0.00129703,78.250854,0.00129776,133.14047,0.001297,615.2557,0.00129777,25.031488,0.001295,3.8610039,0.00129778,10.460078
"135",155,"bfxusd","bfx","BFX",FALSE,"https://api.cryptowat.ch/assets/bfx","usd","United States dollar",TRUE,"https://api.cryptowat.ch/assets/usd","https://api.cryptowat.ch/pairs/bfxusd","bitfinex","bfxusd",TRUE,"https://api.cryptowat.ch/markets/bitfinex/bfxusd",0,0,0,0,0,0,0,0,0,0,0,0
"136",156,"etceth","etc","Ethereum Classic",FALSE,"https://api.cryptowat.ch/assets/etc","eth","Ethereum",FALSE,"https://api.cryptowat.ch/assets/eth","https://api.cryptowat.ch/pairs/etceth","kraken","etceth",TRUE,"https://api.cryptowat.ch/markets/kraken/etceth",0.0411,735.454,0.041101,50.62,0.041,25.512,0.041102,3.962,0.0409,0.4,0.041531,2189.07
"137",157,"etceth","etc","Ethereum Classic",FALSE,"https://api.cryptowat.ch/assets/etc","eth","Ethereum",FALSE,"https://api.cryptowat.ch/assets/eth","https://api.cryptowat.ch/pairs/etceth","poloniex","etceth",TRUE,"https://api.cryptowat.ch/markets/poloniex/etceth",0.04101142,759.129,0.04121648,1.3469853,0.04101141,260.40985,0.04130253,0.7989506,0.04101125,18.287664,0.04150137,1.5115612
"138",158,"gnousd","gno","Gnosis",FALSE,"https://api.cryptowat.ch/assets/gno","usd","United States dollar",TRUE,"https://api.cryptowat.ch/assets/usd","https://api.cryptowat.ch/pairs/gnousd","kraken","gnousd",TRUE,"https://api.cryptowat.ch/markets/kraken/gnousd",0,0,0,0,0,0,0,0,0,0,0,0
"139",159,"ethhkd","eth","Ethereum",FALSE,"https://api.cryptowat.ch/assets/eth","hkd","Hong Kong Dollar",TRUE,"https://api.cryptowat.ch/assets/hkd","https://api.cryptowat.ch/pairs/ethhkd","quoine","ethhkd",TRUE,"https://api.cryptowat.ch/markets/quoine/ethhkd",0,0,0,0,0,0,0,0,0,0,0,0
"140",160,"dashkrw","dash","Dash",FALSE,"https://api.cryptowat.ch/assets/dash","krw","South Korean Won",TRUE,"https://api.cryptowat.ch/assets/krw","https://api.cryptowat.ch/pairs/dashkrw","bithumb","dashkrw",TRUE,"https://api.cryptowat.ch/markets/bithumb/dashkrw",0,0,0,0,0,0,0,0,0,0,0,0
"141",161,"repeur","rep","Augur",FALSE,"https://api.cryptowat.ch/assets/rep","eur","euro",TRUE,"https://api.cryptowat.ch/assets/eur","https://api.cryptowat.ch/pairs/repeur","kraken","repeur",TRUE,"https://api.cryptowat.ch/markets/kraken/repeur",0,0,0,0,0,0,0,0,0,0,0,0
"142",162,"strusd","str","Stellar",FALSE,"https://api.cryptowat.ch/assets/str","usd","United States dollar",TRUE,"https://api.cryptowat.ch/assets/usd","https://api.cryptowat.ch/pairs/strusd","kraken","strusd",TRUE,"https://api.cryptowat.ch/markets/kraken/strusd",0,0,0,0,0,0,0,0,0,0,0,0
"143",163,"strusd","str","Stellar",FALSE,"https://api.cryptowat.ch/assets/str","usd","United States dollar",TRUE,"https://api.cryptowat.ch/assets/usd","https://api.cryptowat.ch/pairs/strusd","poloniex","strusd",TRUE,"https://api.cryptowat.ch/markets/poloniex/strusd",0,0,0,0,0,0,0,0,0,0,0,0
"144",164,"btcaud","btc","Bitcoin",FALSE,"https://api.cryptowat.ch/assets/btc","aud","Australian Dollar",TRUE,"https://api.cryptowat.ch/assets/aud","https://api.cryptowat.ch/pairs/btcaud","quoine","btcaud",TRUE,"https://api.cryptowat.ch/markets/quoine/btcaud",0,0,0,0,0,0,0,0,0,0,0,0
"145",165,"btcaud","btc","Bitcoin",FALSE,"https://api.cryptowat.ch/assets/btc","aud","Australian Dollar",TRUE,"https://api.cryptowat.ch/assets/aud","https://api.cryptowat.ch/pairs/btcaud","bitsquare","btcaud",TRUE,"https://api.cryptowat.ch/markets/bitsquare/btcaud",0,0,0,0,0,0,0,0,0,0,0,0
"146",166,"ltccny","ltc","Litecoin",FALSE,"https://api.cryptowat.ch/assets/ltc","cny","Chinese yuan",TRUE,"https://api.cryptowat.ch/assets/cny","https://api.cryptowat.ch/pairs/ltccny","okcoin","ltccny",TRUE,"https://api.cryptowat.ch/markets/okcoin/ltccny",0,0,0,0,0,0,0,0,0,0,0,0
"147",167,"ltccny","ltc","Litecoin",FALSE,"https://api.cryptowat.ch/assets/ltc","cny","Chinese yuan",TRUE,"https://api.cryptowat.ch/assets/cny","https://api.cryptowat.ch/pairs/ltccny","btc-china","ltccny",TRUE,"https://api.cryptowat.ch/markets/btc-china/ltccny",0,0,0,0,0,0,0,0,0,0,0,0
"148",168,"ltccny","ltc","Litecoin",FALSE,"https://api.cryptowat.ch/assets/ltc","cny","Chinese yuan",TRUE,"https://api.cryptowat.ch/assets/cny","https://api.cryptowat.ch/pairs/ltccny","huobi","ltccny",TRUE,"https://api.cryptowat.ch/markets/huobi/ltccny",0,0,0,0,0,0,0,0,0,0,0,0
"149",169,"xrpusd","xrp","Ripple",FALSE,"https://api.cryptowat.ch/assets/xrp","usd","United States dollar",TRUE,"https://api.cryptowat.ch/assets/usd","https://api.cryptowat.ch/pairs/xrpusd","bitfinex","xrpusd",TRUE,"https://api.cryptowat.ch/markets/bitfinex/xrpusd",0,0,0,0,0,0,0,0,0,0,0,0
"150",170,"xrpusd","xrp","Ripple",FALSE,"https://api.cryptowat.ch/assets/xrp","usd","United States dollar",TRUE,"https://api.cryptowat.ch/assets/usd","https://api.cryptowat.ch/pairs/xrpusd","bitstamp","xrpusd",TRUE,"https://api.cryptowat.ch/markets/bitstamp/xrpusd",0,0,0,0,0,0,0,0,0,0,0,0
"151",171,"xrpusd","xrp","Ripple",FALSE,"https://api.cryptowat.ch/assets/xrp","usd","United States dollar",TRUE,"https://api.cryptowat.ch/assets/usd","https://api.cryptowat.ch/pairs/xrpusd","kraken","xrpusd",TRUE,"https://api.cryptowat.ch/markets/kraken/xrpusd",0,0,0,0,0,0,0,0,0,0,0,0
"152",172,"xrpusd","xrp","Ripple",FALSE,"https://api.cryptowat.ch/assets/xrp","usd","United States dollar",TRUE,"https://api.cryptowat.ch/assets/usd","https://api.cryptowat.ch/pairs/xrpusd","poloniex","xrpusd",TRUE,"https://api.cryptowat.ch/markets/poloniex/xrpusd",0,0,0,0,0,0,0,0,0,0,0,0
"153",173,"btceur","btc","Bitcoin",FALSE,"https://api.cryptowat.ch/assets/btc","eur","euro",TRUE,"https://api.cryptowat.ch/assets/eur","https://api.cryptowat.ch/pairs/btceur","gdax","btceur",TRUE,"https://api.cryptowat.ch/markets/gdax/btceur",0,0,0,0,0,0,0,0,0,0,0,0
"154",174,"btceur","btc","Bitcoin",FALSE,"https://api.cryptowat.ch/assets/btc","eur","euro",TRUE,"https://api.cryptowat.ch/assets/eur","https://api.cryptowat.ch/pairs/btceur","bitstamp","btceur",TRUE,"https://api.cryptowat.ch/markets/bitstamp/btceur",0,0,0,0,0,0,0,0,0,0,0,0
"155",175,"btceur","btc","Bitcoin",FALSE,"https://api.cryptowat.ch/assets/btc","eur","euro",TRUE,"https://api.cryptowat.ch/assets/eur","https://api.cryptowat.ch/pairs/btceur","kraken","btceur",TRUE,"https://api.cryptowat.ch/markets/kraken/btceur",0,0,0,0,0,0,0,0,0,0,0,0
"156",178,"btceur","btc","Bitcoin",FALSE,"https://api.cryptowat.ch/assets/btc","eur","euro",TRUE,"https://api.cryptowat.ch/assets/eur","https://api.cryptowat.ch/pairs/btceur","cexio","btceur",TRUE,"https://api.cryptowat.ch/markets/cexio/btceur",0,0,0,0,0,0,0,0,0,0,0,0
"157",179,"btceur","btc","Bitcoin",FALSE,"https://api.cryptowat.ch/assets/btc","eur","euro",TRUE,"https://api.cryptowat.ch/assets/eur","https://api.cryptowat.ch/pairs/btceur","quoine","btceur",TRUE,"https://api.cryptowat.ch/markets/quoine/btceur",0,0,0,0,0,0,0,0,0,0,0,0
"158",180,"btceur","btc","Bitcoin",FALSE,"https://api.cryptowat.ch/assets/btc","eur","euro",TRUE,"https://api.cryptowat.ch/assets/eur","https://api.cryptowat.ch/pairs/btceur","bitsquare","btceur",TRUE,"https://api.cryptowat.ch/markets/bitsquare/btceur",0,0,0,0,0,0,0,0,0,0,0,0
"159",181,"eoseth","eos","EOS",FALSE,"https://api.cryptowat.ch/assets/eos","eth","Ethereum",FALSE,"https://api.cryptowat.ch/assets/eth","https://api.cryptowat.ch/pairs/eoseth","bitfinex","eoseth",TRUE,"https://api.cryptowat.ch/markets/bitfinex/eoseth",0.003323,1000,0.003341,517.3049,0.00332,523.5988,0.003342,4555.436,0.0033196,434.8536,0.0033428,0.0486204
"160",182,"eoseth","eos","EOS",FALSE,"https://api.cryptowat.ch/assets/eos","eth","Ethereum",FALSE,"https://api.cryptowat.ch/assets/eth","https://api.cryptowat.ch/pairs/eoseth","kraken","eoseth",TRUE,"https://api.cryptowat.ch/markets/kraken/eoseth",0.00341,55.467,0.003586,286.113,0.003405,1574.28,0.003587,1000,0.003392,50,0.003601,25.488
"161",183,"ethcad","eth","Ethereum",FALSE,"https://api.cryptowat.ch/assets/eth","cad","Canadian dollar",TRUE,"https://api.cryptowat.ch/assets/cad","https://api.cryptowat.ch/pairs/ethcad","kraken","ethcad",TRUE,"https://api.cryptowat.ch/markets/kraken/ethcad",0,0,0,0,0,0,0,0,0,0,0,0
"162",184,"ltcusd-weekly-futures","ltc","Litecoin",FALSE,"https://api.cryptowat.ch/assets/ltc","usd","United States dollar",TRUE,"https://api.cryptowat.ch/assets/usd","https://api.cryptowat.ch/pairs/ltcusd-weekly-futures","okcoin","ltcusd-weekly-futures",TRUE,"https://api.cryptowat.ch/markets/okcoin/ltcusd-weekly-futures",0,0,0,0,0,0,0,0,0,0,0,0
"163",186,"bcubtc","bcu","Bitcoin Unlimited Token",FALSE,"https://api.cryptowat.ch/assets/bcu","btc","Bitcoin",FALSE,"https://api.cryptowat.ch/assets/btc","https://api.cryptowat.ch/pairs/bcubtc","bitfinex","bcubtc",TRUE,"https://api.cryptowat.ch/markets/bitfinex/bcubtc",0.115,0.2108927,0.1339,0.12167,0.112,0.3392,0.13398,0.73649055,0.102,9.90196,0.135,5
"164",187,"xrpbtc","xrp","Ripple",FALSE,"https://api.cryptowat.ch/assets/xrp","btc","Bitcoin",FALSE,"https://api.cryptowat.ch/assets/btc","https://api.cryptowat.ch/pairs/xrpbtc","bitfinex","xrpbtc",TRUE,"https://api.cryptowat.ch/markets/bitfinex/xrpbtc",0.00004995,76221.46,0.0000502,2665.5515,0.00004993,400,0.00005021,8178.367,0.00004976,274.2,0.00005023,10315.297
"165",188,"xrpbtc","xrp","Ripple",FALSE,"https://api.cryptowat.ch/assets/xrp","btc","Bitcoin",FALSE,"https://api.cryptowat.ch/assets/btc","https://api.cryptowat.ch/pairs/xrpbtc","bitstamp","xrpbtc",TRUE,"https://api.cryptowat.ch/markets/bitstamp/xrpbtc",0.00005002,1793.8,0.00005023,1124.514,0.00005,1062.3073,0.00005024,2099.6228,0.00004998,599.3907,0.00005032,19714.564
"166",189,"xrpbtc","xrp","Ripple",FALSE,"https://api.cryptowat.ch/assets/xrp","btc","Bitcoin",FALSE,"https://api.cryptowat.ch/assets/btc","https://api.cryptowat.ch/pairs/xrpbtc","kraken","xrpbtc",TRUE,"https://api.cryptowat.ch/markets/kraken/xrpbtc",0.00005,115683.17,0.000051,182240.72,0.000049,64493.93,0.000052,97692.055,0.000048,752519.06,0.000053,38695.883
"167",190,"xrpbtc","xrp","Ripple",FALSE,"https://api.cryptowat.ch/assets/xrp","btc","Bitcoin",FALSE,"https://api.cryptowat.ch/assets/btc","https://api.cryptowat.ch/pairs/xrpbtc","qryptos","xrpbtc",TRUE,"https://api.cryptowat.ch/markets/qryptos/xrpbtc",0.000035,1087,0.00008,21.9,0.00003,8300,0.00009,175,0,0,0,0
"168",191,"xrpbtc","xrp","Ripple",FALSE,"https://api.cryptowat.ch/assets/xrp","btc","Bitcoin",FALSE,"https://api.cryptowat.ch/assets/btc","https://api.cryptowat.ch/pairs/xrpbtc","poloniex","xrpbtc",TRUE,"https://api.cryptowat.ch/markets/poloniex/xrpbtc",0.0000501,4193.909,0.00005013,5013.8647,0.00005005,8703.129,0.00005014,6101.7573,0.00005003,9800.985,0.00005017,1253.8792
"169",192,"xrpkrw","xrp","Ripple",FALSE,"https://api.cryptowat.ch/assets/xrp","krw","South Korean Won",TRUE,"https://api.cryptowat.ch/assets/krw","https://api.cryptowat.ch/pairs/xrpkrw","bithumb","xrpkrw",TRUE,"https://api.cryptowat.ch/markets/bithumb/xrpkrw",0,0,0,0,0,0,0,0,0,0,0,0
"170",193,"gnobtc","gno","Gnosis",FALSE,"https://api.cryptowat.ch/assets/gno","btc","Bitcoin",FALSE,"https://api.cryptowat.ch/assets/btc","https://api.cryptowat.ch/pairs/gnobtc","kraken","gnobtc",TRUE,"https://api.cryptowat.ch/markets/kraken/gnobtc",0.037336,1.196,0.039086,7.694,0.037335,6.915,0.039087,237.491,0.037333,0.495,0.0391,1
"171",194,"gnobtc","gno","Gnosis",FALSE,"https://api.cryptowat.ch/assets/gno","btc","Bitcoin",FALSE,"https://api.cryptowat.ch/assets/btc","https://api.cryptowat.ch/pairs/gnobtc","poloniex","gnobtc",TRUE,"https://api.cryptowat.ch/markets/poloniex/gnobtc",0.03852201,15.438939,0.03894024,9.46362,0.038522,1.8883009,0.03894025,4.0137267,0.03852199,0.25734833,0.03894026,8.356135
"172",195,"gnoeth","gno","Gnosis",FALSE,"https://api.cryptowat.ch/assets/gno","eth","Ethereum",FALSE,"https://api.cryptowat.ch/assets/eth","https://api.cryptowat.ch/pairs/gnoeth","kraken","gnoeth",TRUE,"https://api.cryptowat.ch/markets/kraken/gnoeth",0.453003,9.29,0.475951,0.451,0.45,44.445,0.475998,237.491,0.440243,0.5,0.475999,7.45
"173",196,"gnoeth","gno","Gnosis",FALSE,"https://api.cryptowat.ch/assets/gno","eth","Ethereum",FALSE,"https://api.cryptowat.ch/assets/eth","https://api.cryptowat.ch/pairs/gnoeth","poloniex","gnoeth",TRUE,"https://api.cryptowat.ch/markets/poloniex/gnoeth",0.45691124,7.575747,0.48775095,12.229934,0.4569112,0.502985,0.48775104,3.4385977,0.4555002,1.96,0.48775154,18.587082
"174",197,"zeceur","zec","ZEC",FALSE,"https://api.cryptowat.ch/assets/zec","eur","euro",TRUE,"https://api.cryptowat.ch/assets/eur","https://api.cryptowat.ch/pairs/zeceur","kraken","zeceur",TRUE,"https://api.cryptowat.ch/markets/kraken/zeceur",0,0,0,0,0,0,0,0,0,0,0,0
"175",198,"bchsgd","bch","Bitcoin Cash",FALSE,"https://api.cryptowat.ch/assets/bch","sgd","Singapore Dollar",TRUE,"https://api.cryptowat.ch/assets/sgd","https://api.cryptowat.ch/pairs/bchsgd","quoine","bchsgd",TRUE,"https://api.cryptowat.ch/markets/quoine/bchsgd",0,0,0,0,0,0,0,0,0,0,0,0
"176",199,"mlnbtc","mln","Melonport",FALSE,"https://api.cryptowat.ch/assets/mln","btc","Bitcoin",FALSE,"https://api.cryptowat.ch/assets/btc","https://api.cryptowat.ch/pairs/mlnbtc","kraken","mlnbtc",TRUE,"https://api.cryptowat.ch/markets/kraken/mlnbtc",0.01775,9.296,0.017792,50,0.016892,1.056,0.017793,2.5,0.01576,2.487,0.01779328,0.147
"177",200,"repeth","rep","Augur",FALSE,"https://api.cryptowat.ch/assets/rep","eth","Ethereum",FALSE,"https://api.cryptowat.ch/assets/eth","https://api.cryptowat.ch/pairs/repeth","kraken","repeth",TRUE,"https://api.cryptowat.ch/markets/kraken/repeth",0.06303,6.378,0.0639,57.401,0.06302,17.306,0.06391,110,0.063,15.86,0.06515,100
"178",201,"repeth","rep","Augur",FALSE,"https://api.cryptowat.ch/assets/rep","eth","Ethereum",FALSE,"https://api.cryptowat.ch/assets/eth","https://api.cryptowat.ch/pairs/repeth","poloniex","repeth",TRUE,"https://api.cryptowat.ch/markets/poloniex/repeth",0.06301829,6.718,0.06394143,26.194242,0.06301827,18.904621,0.06394144,53.695,0.06282754,12.168526,0.06394145,2.03322
"179",202,"nxtxmr","nxt","NXT",FALSE,"https://api.cryptowat.ch/assets/nxt","xmr","Monero",FALSE,"https://api.cryptowat.ch/assets/xmr","https://api.cryptowat.ch/pairs/nxtxmr","poloniex","nxtxmr",TRUE,"https://api.cryptowat.ch/markets/poloniex/nxtxmr",0.00085015,4,0.00086441,52.578575,0.00084833,3.9962738,0.00087329,3.3880374,0.000848,690.3986,0.00087531,3.4850361
"180",203,"ethcny","eth","Ethereum",FALSE,"https://api.cryptowat.ch/assets/eth","cny","Chinese yuan",TRUE,"https://api.cryptowat.ch/assets/cny","https://api.cryptowat.ch/pairs/ethcny","quoine","ethcny",TRUE,"https://api.cryptowat.ch/markets/quoine/ethcny",0,0,0,0,0,0,0,0,0,0,0,0
"181",205,"omgbtc","omg","OmiseGo",FALSE,"https://api.cryptowat.ch/assets/omg","btc","Bitcoin",FALSE,"https://api.cryptowat.ch/assets/btc","https://api.cryptowat.ch/pairs/omgbtc","bitfinex","omgbtc",TRUE,"https://api.cryptowat.ch/markets/bitfinex/omgbtc",0.0023643,33.490643,0.002374,159.51,0.0023639,500,0.0023741,3.0864024,0.0023619,237.084,0.0023763,3.770308
"182",206,"dashusd","dash","Dash",FALSE,"https://api.cryptowat.ch/assets/dash","usd","United States dollar",TRUE,"https://api.cryptowat.ch/assets/usd","https://api.cryptowat.ch/pairs/dashusd","bitfinex","dashusd",TRUE,"https://api.cryptowat.ch/markets/bitfinex/dashusd",0,0,0,0,0,0,0,0,0,0,0,0
"183",207,"dashusd","dash","Dash",FALSE,"https://api.cryptowat.ch/assets/dash","usd","United States dollar",TRUE,"https://api.cryptowat.ch/assets/usd","https://api.cryptowat.ch/pairs/dashusd","kraken","dashusd",TRUE,"https://api.cryptowat.ch/markets/kraken/dashusd",0,0,0,0,0,0,0,0,0,0,0,0
"184",209,"dashusd","dash","Dash",FALSE,"https://api.cryptowat.ch/assets/dash","usd","United States dollar",TRUE,"https://api.cryptowat.ch/assets/usd","https://api.cryptowat.ch/pairs/dashusd","poloniex","dashusd",TRUE,"https://api.cryptowat.ch/markets/poloniex/dashusd",0,0,0,0,0,0,0,0,0,0,0,0
"185",210,"eoseur","eos","EOS",FALSE,"https://api.cryptowat.ch/assets/eos","eur","euro",TRUE,"https://api.cryptowat.ch/assets/eur","https://api.cryptowat.ch/pairs/eoseur","kraken","eoseur",TRUE,"https://api.cryptowat.ch/markets/kraken/eoseur",0,0,0,0,0,0,0,0,0,0,0,0
"186",211,"xrpcad","xrp","Ripple",FALSE,"https://api.cryptowat.ch/assets/xrp","cad","Canadian dollar",TRUE,"https://api.cryptowat.ch/assets/cad","https://api.cryptowat.ch/pairs/xrpcad","kraken","xrpcad",TRUE,"https://api.cryptowat.ch/markets/kraken/xrpcad",0,0,0,0,0,0,0,0,0,0,0,0
"187",212,"iotbtc","iot","IOTA",FALSE,"https://api.cryptowat.ch/assets/iot","btc","Bitcoin",FALSE,"https://api.cryptowat.ch/assets/btc","https://api.cryptowat.ch/pairs/iotbtc","bitfinex","iotbtc",TRUE,"https://api.cryptowat.ch/markets/bitfinex/iotbtc",0.0001855,15428.266,0.0001857,186.9486,0.00018518,0.51,0.0001858,139.96,0.00018509,0.51,0.00018599,7662.974
"188",213,"xmreur","xmr","Monero",FALSE,"https://api.cryptowat.ch/assets/xmr","eur","euro",TRUE,"https://api.cryptowat.ch/assets/eur","https://api.cryptowat.ch/pairs/xmreur","kraken","xmreur",TRUE,"https://api.cryptowat.ch/markets/kraken/xmreur",0,0,0,0,0,0,0,0,0,0,0,0
"189",215,"btczar","btc","Bitcoin",FALSE,"https://api.cryptowat.ch/assets/btc","zar","South African rand",TRUE,"https://api.cryptowat.ch/assets/zar","https://api.cryptowat.ch/pairs/btczar","luno","btczar",TRUE,"https://api.cryptowat.ch/markets/luno/btczar",0,0,0,0,0,0,0,0,0,0,0,0
"190",216,"sdcbtc","sdc","ShadowCoin",FALSE,"https://api.cryptowat.ch/assets/sdc","btc","Bitcoin",FALSE,"https://api.cryptowat.ch/assets/btc","https://api.cryptowat.ch/pairs/sdcbtc","poloniex","sdcbtc",TRUE,"https://api.cryptowat.ch/markets/poloniex/sdcbtc",0.0003301,514.188,0.00035267,711.8529,0.00033009,151.47385,0.00035268,20,0.00033006,149.74811,0.00035274,29.10635
"191",217,"zeceth","zec","ZEC",FALSE,"https://api.cryptowat.ch/assets/zec","eth","Ethereum",FALSE,"https://api.cryptowat.ch/assets/eth","https://api.cryptowat.ch/pairs/zeceth","poloniex","zeceth",TRUE,"https://api.cryptowat.ch/markets/poloniex/zeceth",0.711,1.275276,0.716358,0.7334744,0.71000004,22.147886,0.71636,6.1131377,0.71,34.275364,0.71647394,0.0253407
"192",218,"zecusd","zec","ZEC",FALSE,"https://api.cryptowat.ch/assets/zec","usd","United States dollar",TRUE,"https://api.cryptowat.ch/assets/usd","https://api.cryptowat.ch/pairs/zecusd","bitfinex","zecusd",TRUE,"https://api.cryptowat.ch/markets/bitfinex/zecusd",0,0,0,0,0,0,0,0,0,0,0,0
"193",219,"zecusd","zec","ZEC",FALSE,"https://api.cryptowat.ch/assets/zec","usd","United States dollar",TRUE,"https://api.cryptowat.ch/assets/usd","https://api.cryptowat.ch/pairs/zecusd","kraken","zecusd",TRUE,"https://api.cryptowat.ch/markets/kraken/zecusd",0,0,0,0,0,0,0,0,0,0,0,0
"194",220,"zecusd","zec","ZEC",FALSE,"https://api.cryptowat.ch/assets/zec","usd","United States dollar",TRUE,"https://api.cryptowat.ch/assets/usd","https://api.cryptowat.ch/pairs/zecusd","poloniex","zecusd",TRUE,"https://api.cryptowat.ch/markets/poloniex/zecusd",0,0,0,0,0,0,0,0,0,0,0,0
"195",221,"ltceur","ltc","Litecoin",FALSE,"https://api.cryptowat.ch/assets/ltc","eur","euro",TRUE,"https://api.cryptowat.ch/assets/eur","https://api.cryptowat.ch/pairs/ltceur","gdax","ltceur",TRUE,"https://api.cryptowat.ch/markets/gdax/ltceur",0,0,0,0,0,0,0,0,0,0,0,0
"196",222,"ltceur","ltc","Litecoin",FALSE,"https://api.cryptowat.ch/assets/ltc","eur","euro",TRUE,"https://api.cryptowat.ch/assets/eur","https://api.cryptowat.ch/pairs/ltceur","bitstamp","ltceur",TRUE,"https://api.cryptowat.ch/markets/bitstamp/ltceur",0,0,0,0,0,0,0,0,0,0,0,0
"197",223,"ltceur","ltc","Litecoin",FALSE,"https://api.cryptowat.ch/assets/ltc","eur","euro",TRUE,"https://api.cryptowat.ch/assets/eur","https://api.cryptowat.ch/pairs/ltceur","kraken","ltceur",TRUE,"https://api.cryptowat.ch/markets/kraken/ltceur",0,0,0,0,0,0,0,0,0,0,0,0
"198",224,"streur","str","Stellar",FALSE,"https://api.cryptowat.ch/assets/str","eur","euro",TRUE,"https://api.cryptowat.ch/assets/eur","https://api.cryptowat.ch/pairs/streur","kraken","streur",TRUE,"https://api.cryptowat.ch/markets/kraken/streur",0,0,0,0,0,0,0,0,0,0,0,0
"199",225,"ethsgd","eth","Ethereum",FALSE,"https://api.cryptowat.ch/assets/eth","sgd","Singapore Dollar",TRUE,"https://api.cryptowat.ch/assets/sgd","https://api.cryptowat.ch/pairs/ethsgd","quoine","ethsgd",TRUE,"https://api.cryptowat.ch/markets/quoine/ethsgd",0,0,0,0,0,0,0,0,0,0,0,0
"200",226,"eosusd","eos","EOS",FALSE,"https://api.cryptowat.ch/assets/eos","usd","United States dollar",TRUE,"https://api.cryptowat.ch/assets/usd","https://api.cryptowat.ch/pairs/eosusd","bitfinex","eosusd",TRUE,"https://api.cryptowat.ch/markets/bitfinex/eosusd",0,0,0,0,0,0,0,0,0,0,0,0
"201",227,"eosusd","eos","EOS",FALSE,"https://api.cryptowat.ch/assets/eos","usd","United States dollar",TRUE,"https://api.cryptowat.ch/assets/usd","https://api.cryptowat.ch/pairs/eosusd","kraken","eosusd",TRUE,"https://api.cryptowat.ch/markets/kraken/eosusd",0,0,0,0,0,0,0,0,0,0,0,0
"202",228,"bcheur","bch","Bitcoin Cash",FALSE,"https://api.cryptowat.ch/assets/bch","eur","euro",TRUE,"https://api.cryptowat.ch/assets/eur","https://api.cryptowat.ch/pairs/bcheur","kraken","bcheur",TRUE,"https://api.cryptowat.ch/markets/kraken/bcheur",0,0,0,0,0,0,0,0,0,0,0,0
"203",231,"xmrusd","xmr","Monero",FALSE,"https://api.cryptowat.ch/assets/xmr","usd","United States dollar",TRUE,"https://api.cryptowat.ch/assets/usd","https://api.cryptowat.ch/pairs/xmrusd","bitfinex","xmrusd",TRUE,"https://api.cryptowat.ch/markets/bitfinex/xmrusd",0,0,0,0,0,0,0,0,0,0,0,0
"204",232,"xmrusd","xmr","Monero",FALSE,"https://api.cryptowat.ch/assets/xmr","usd","United States dollar",TRUE,"https://api.cryptowat.ch/assets/usd","https://api.cryptowat.ch/pairs/xmrusd","kraken","xmrusd",TRUE,"https://api.cryptowat.ch/markets/kraken/xmrusd",0,0,0,0,0,0,0,0,0,0,0,0
"205",233,"xmrusd","xmr","Monero",FALSE,"https://api.cryptowat.ch/assets/xmr","usd","United States dollar",TRUE,"https://api.cryptowat.ch/assets/usd","https://api.cryptowat.ch/pairs/xmrusd","poloniex","xmrusd",TRUE,"https://api.cryptowat.ch/markets/poloniex/xmrusd",0,0,0,0,0,0,0,0,0,0,0,0
"206",234,"ltccad","ltc","Litecoin",FALSE,"https://api.cryptowat.ch/assets/ltc","cad","Canadian dollar",TRUE,"https://api.cryptowat.ch/assets/cad","https://api.cryptowat.ch/pairs/ltccad","kraken","ltccad",TRUE,"https://api.cryptowat.ch/markets/kraken/ltccad",0,0,0,0,0,0,0,0,0,0,0,0
"207",236,"ltcusd-quarterly-futures","ltc","Litecoin",FALSE,"https://api.cryptowat.ch/assets/ltc","usd","United States dollar",TRUE,"https://api.cryptowat.ch/assets/usd","https://api.cryptowat.ch/pairs/ltcusd-quarterly-futures","okcoin","ltcusd-quarterly-futures",TRUE,"https://api.cryptowat.ch/markets/okcoin/ltcusd-quarterly-futures",0,0,0,0,0,0,0,0,0,0,0,0
"208",237,"btcjpy","btc","Bitcoin",FALSE,"https://api.cryptowat.ch/assets/btc","jpy","Japanese Yen",TRUE,"https://api.cryptowat.ch/assets/jpy","https://api.cryptowat.ch/pairs/btcjpy","kraken","btcjpy",TRUE,"https://api.cryptowat.ch/markets/kraken/btcjpy",0,0,0,0,0,0,0,0,0,0,0,0
"209",238,"btcjpy","btc","Bitcoin",FALSE,"https://api.cryptowat.ch/assets/btc","jpy","Japanese Yen",TRUE,"https://api.cryptowat.ch/assets/jpy","https://api.cryptowat.ch/pairs/btcjpy","quoine","btcjpy",TRUE,"https://api.cryptowat.ch/markets/quoine/btcjpy",0,0,0,0,0,0,0,0,0,0,0,0
"210",239,"btcjpy","btc","Bitcoin",FALSE,"https://api.cryptowat.ch/assets/btc","jpy","Japanese Yen",TRUE,"https://api.cryptowat.ch/assets/jpy","https://api.cryptowat.ch/pairs/btcjpy","bitflyer","btcjpy",TRUE,"https://api.cryptowat.ch/markets/bitflyer/btcjpy",0,0,0,0,0,0,0,0,0,0,0,0
"211",240,"ltckrw","ltc","Litecoin",FALSE,"https://api.cryptowat.ch/assets/ltc","krw","South Korean Won",TRUE,"https://api.cryptowat.ch/assets/krw","https://api.cryptowat.ch/pairs/ltckrw","bithumb","ltckrw",TRUE,"https://api.cryptowat.ch/markets/bithumb/ltckrw",0,0,0,0,0,0,0,0,0,0,0,0
"212",242,"btcidr","btc","Bitcoin",FALSE,"https://api.cryptowat.ch/assets/btc","idr","Indonesian Rupiah",TRUE,"https://api.cryptowat.ch/assets/idr","https://api.cryptowat.ch/pairs/btcidr","quoine","btcidr",TRUE,"https://api.cryptowat.ch/markets/quoine/btcidr",0,0,0,0,0,0,0,0,0,0,0,0
"213",243,"etcusd","etc","Ethereum Classic",FALSE,"https://api.cryptowat.ch/assets/etc","usd","United States dollar",TRUE,"https://api.cryptowat.ch/assets/usd","https://api.cryptowat.ch/pairs/etcusd","bitfinex","etcusd",TRUE,"https://api.cryptowat.ch/markets/bitfinex/etcusd",0,0,0,0,0,0,0,0,0,0,0,0
"214",244,"etcusd","etc","Ethereum Classic",FALSE,"https://api.cryptowat.ch/assets/etc","usd","United States dollar",TRUE,"https://api.cryptowat.ch/assets/usd","https://api.cryptowat.ch/pairs/etcusd","kraken","etcusd",TRUE,"https://api.cryptowat.ch/markets/kraken/etcusd",0,0,0,0,0,0,0,0,0,0,0,0
"215",245,"etcusd","etc","Ethereum Classic",FALSE,"https://api.cryptowat.ch/assets/etc","usd","United States dollar",TRUE,"https://api.cryptowat.ch/assets/usd","https://api.cryptowat.ch/pairs/etcusd","poloniex","etcusd",TRUE,"https://api.cryptowat.ch/markets/poloniex/etcusd",0,0,0,0,0,0,0,0,0,0,0,0
"216",246,"eosbtc","eos","EOS",FALSE,"https://api.cryptowat.ch/assets/eos","btc","Bitcoin",FALSE,"https://api.cryptowat.ch/assets/btc","https://api.cryptowat.ch/pairs/eosbtc","bitfinex","eosbtc",TRUE,"https://api.cryptowat.ch/markets/bitfinex/eosbtc",0.00027994,4000,0.0002826,2337.0017,0.00027993,2661.771,0.00028269,1001.7255,0.00027951,6172.416,0.00028319,77.43806
"217",247,"eosbtc","eos","EOS",FALSE,"https://api.cryptowat.ch/assets/eos","btc","Bitcoin",FALSE,"https://api.cryptowat.ch/assets/btc","https://api.cryptowat.ch/pairs/eosbtc","kraken","eosbtc",TRUE,"https://api.cryptowat.ch/markets/kraken/eosbtc",0.000291,42.855,0.000298,36.367,0.00029,4000,0.000302,47.346,0.000286,9422.652,0.000305,21.35
"218",248,"icnbtc","icn","Iconomi",FALSE,"https://api.cryptowat.ch/assets/icn","btc","Bitcoin",FALSE,"https://api.cryptowat.ch/assets/btc","https://api.cryptowat.ch/pairs/icnbtc","kraken","icnbtc",TRUE,"https://api.cryptowat.ch/markets/kraken/icnbtc",0.000575,717.638,0.000578,754.152,0.000562,1140,0.000579,178.864,0.000557,642.28,0.000582,755.463
"219",249,"strbtc","str","Stellar",FALSE,"https://api.cryptowat.ch/assets/str","btc","Bitcoin",FALSE,"https://api.cryptowat.ch/assets/btc","https://api.cryptowat.ch/pairs/strbtc","kraken","strbtc",TRUE,"https://api.cryptowat.ch/markets/kraken/strbtc",0.0000044,38800.754,0.0000046,119702.37,0.0000043,56675.324,0.0000047,702410.2,0.0000042,107078.62,0.00000472,1200
"220",250,"strbtc","str","Stellar",FALSE,"https://api.cryptowat.ch/assets/str","btc","Bitcoin",FALSE,"https://api.cryptowat.ch/assets/btc","https://api.cryptowat.ch/pairs/strbtc","poloniex","strbtc",TRUE,"https://api.cryptowat.ch/markets/poloniex/strbtc",0.00000463,7483.189,0.00000464,606859.44,0.00000462,146298.44,0.00000465,617263.2,0.00000461,7228.173,0.00000466,383824.53
"221",251,"zecjpy","zec","ZEC",FALSE,"https://api.cryptowat.ch/assets/zec","jpy","Japanese Yen",TRUE,"https://api.cryptowat.ch/assets/jpy","https://api.cryptowat.ch/pairs/zecjpy","kraken","zecjpy",TRUE,"https://api.cryptowat.ch/markets/kraken/zecjpy",0,0,0,0,0,0,0,0,0,0,0,0
"222",252,"btccny-weekly-futures","btc","Bitcoin",FALSE,"https://api.cryptowat.ch/assets/btc","cny","Chinese yuan",TRUE,"https://api.cryptowat.ch/assets/cny","https://api.cryptowat.ch/pairs/btccny-weekly-futures","bitvc","btccny-weekly-futures",TRUE,"https://api.cryptowat.ch/markets/bitvc/btccny-weekly-futures",0,0,0,0,0,0,0,0,0,0,0,0
"223",253,"btcfxjpy","btc","Bitcoin",FALSE,"https://api.cryptowat.ch/assets/btc","jpy","Japanese Yen",TRUE,"https://api.cryptowat.ch/assets/jpy","https://api.cryptowat.ch/pairs/btcfxjpy","bitflyer","btcfxjpy",TRUE,"https://api.cryptowat.ch/markets/bitflyer/btcfxjpy",0,0,0,0,0,0,0,0,0,0,0,0
"224",254,"zecbtc","zec","ZEC",FALSE,"https://api.cryptowat.ch/assets/zec","btc","Bitcoin",FALSE,"https://api.cryptowat.ch/assets/btc","https://api.cryptowat.ch/pairs/zecbtc","bitfinex","zecbtc",TRUE,"https://api.cryptowat.ch/markets/bitfinex/zecbtc",0.06013,0.350147,0.060223,0.08950905,0.060047,3.420378,0.060224,3.99,0.060039,4.318,0.060389,0.01998
"225",255,"zecbtc","zec","ZEC",FALSE,"https://api.cryptowat.ch/assets/zec","btc","Bitcoin",FALSE,"https://api.cryptowat.ch/assets/btc","https://api.cryptowat.ch/pairs/zecbtc","kraken","zecbtc",TRUE,"https://api.cryptowat.ch/markets/kraken/zecbtc",0.060501,0.663,0.0607,15.588,0.0605,505.362,0.060895,0.113,0.060318,0.031,0.060934,0.12
"226",256,"zecbtc","zec","ZEC",FALSE,"https://api.cryptowat.ch/assets/zec","btc","Bitcoin",FALSE,"https://api.cryptowat.ch/assets/btc","https://api.cryptowat.ch/pairs/zecbtc","qryptos","zecbtc",TRUE,"https://api.cryptowat.ch/markets/qryptos/zecbtc",0.05934,2,0,0,0,0,0,0,0,0,0,0
"227",257,"zecbtc","zec","ZEC",FALSE,"https://api.cryptowat.ch/assets/zec","btc","Bitcoin",FALSE,"https://api.cryptowat.ch/assets/btc","https://api.cryptowat.ch/pairs/zecbtc","poloniex","zecbtc",TRUE,"https://api.cryptowat.ch/markets/poloniex/zecbtc",0.06000257,6.119653,0.06019982,0.21567065,0.06000256,343.15036,0.06019983,7.75164,0.06000002,1.1091192,0.0602,0.3120638
"228",258,"eurusd","eur","euro",TRUE,"https://api.cryptowat.ch/assets/eur","usd","United States dollar",TRUE,"https://api.cryptowat.ch/assets/usd","https://api.cryptowat.ch/pairs/eurusd","bitstamp","eurusd",TRUE,"https://api.cryptowat.ch/markets/bitstamp/eurusd",0,0,0,0,0,0,0,0,0,0,0,0
"229",259,"dasheur","dash","Dash",FALSE,"https://api.cryptowat.ch/assets/dash","eur","euro",TRUE,"https://api.cryptowat.ch/assets/eur","https://api.cryptowat.ch/pairs/dasheur","kraken","dasheur",TRUE,"https://api.cryptowat.ch/markets/kraken/dasheur",0,0,0,0,0,0,0,0,0,0,0,0
"230",260,"btchkd","btc","Bitcoin",FALSE,"https://api.cryptowat.ch/assets/btc","hkd","Hong Kong Dollar",TRUE,"https://api.cryptowat.ch/assets/hkd","https://api.cryptowat.ch/pairs/btchkd","quoine","btchkd",TRUE,"https://api.cryptowat.ch/markets/quoine/btchkd",0,0,0,0,0,0,0,0,0,0,0,0
"231",261,"etcbtc","etc","Ethereum Classic",FALSE,"https://api.cryptowat.ch/assets/etc","btc","Bitcoin",FALSE,"https://api.cryptowat.ch/assets/btc","https://api.cryptowat.ch/pairs/etcbtc","bitfinex","etcbtc",TRUE,"https://api.cryptowat.ch/markets/bitfinex/etcbtc",0.0034841,1341.7461,0.0034866,50.756,0.0034817,93.8123,0.0034875,66.519,0.0034812,30.896645,0.0034876,50.7575
"232",262,"etcbtc","etc","Ethereum Classic",FALSE,"https://api.cryptowat.ch/assets/etc","btc","Bitcoin",FALSE,"https://api.cryptowat.ch/assets/btc","https://api.cryptowat.ch/pairs/etcbtc","kraken","etcbtc",TRUE,"https://api.cryptowat.ch/markets/kraken/etcbtc",0.003453,7.547,0.00347,88.366,0.003451,14.532,0.003471,21.383,0.00345,1.044,0.003474,773.054
"233",263,"etcbtc","etc","Ethereum Classic",FALSE,"https://api.cryptowat.ch/assets/etc","btc","Bitcoin",FALSE,"https://api.cryptowat.ch/assets/btc","https://api.cryptowat.ch/pairs/etcbtc","qryptos","etcbtc",TRUE,"https://api.cryptowat.ch/markets/qryptos/etcbtc",0.00346,50,0.00351,6.964,0.00339,50,0,0,0,0,0,0
"234",264,"etcbtc","etc","Ethereum Classic",FALSE,"https://api.cryptowat.ch/assets/etc","btc","Bitcoin",FALSE,"https://api.cryptowat.ch/assets/btc","https://api.cryptowat.ch/pairs/etcbtc","poloniex","etcbtc",TRUE,"https://api.cryptowat.ch/markets/poloniex/etcbtc",0.00348,2.6836045,0.003485,5.1618004,0.00347791,5801.5967,0.00348743,197.152,0.0034779,751.359,0.00348744,99.64886
"235",265,"etcbtc","etc","Ethereum Classic",FALSE,"https://api.cryptowat.ch/assets/etc","btc","Bitcoin",FALSE,"https://api.cryptowat.ch/assets/btc","https://api.cryptowat.ch/pairs/etcbtc","bitsquare","etcbtc",TRUE,"https://api.cryptowat.ch/markets/bitsquare/etcbtc",0,0,0,0,0,0,0,0,0,0,0,0
"236",266,"bccusd","bcc","Bitcoin Core Token",FALSE,"https://api.cryptowat.ch/assets/bcc","usd","United States dollar",TRUE,"https://api.cryptowat.ch/assets/usd","https://api.cryptowat.ch/pairs/bccusd","bitfinex","bccusd",TRUE,"https://api.cryptowat.ch/markets/bitfinex/bccusd",0,0,0,0,0,0,0,0,0,0,0,0
"237",267,"zeccad","zec","ZEC",FALSE,"https://api.cryptowat.ch/assets/zec","cad","Canadian dollar",TRUE,"https://api.cryptowat.ch/assets/cad","https://api.cryptowat.ch/pairs/zeccad","kraken","zeccad",TRUE,"https://api.cryptowat.ch/markets/kraken/zeccad",0,0,0,0,0,0,0,0,0,0,0,0
