"","id","base.id","base.name","base.fiat","base.route","quote.id","quote.name","quote.fiat","quote.route","route","markets.exchange","markets.pair","markets.active","markets.route","bid.price1","bid.size1","ask.price1","ask.size1","bid.price2","bid.size2","ask.price2","ask.size2","bid.price3","bid.size3","ask.price3","ask.size3"
"1","daoeth","dao","Decentralized Autonomous Organization",FALSE,"https://api.cryptowat.ch/assets/dao","eth","Ethereum",FALSE,"https://api.cryptowat.ch/assets/eth","https://api.cryptowat.ch/pairs/daoeth","poloniex","daoeth",TRUE,"https://api.cryptowat.ch/markets/poloniex/daoeth",NA,NA,NA,NA,NA,NA,NA,NA,NA,NA,NA,NA
"2","ltcbtc","ltc","Litecoin",FALSE,"https://api.cryptowat.ch/assets/ltc","btc","Bitcoin",FALSE,"https://api.cryptowat.ch/assets/btc","https://api.cryptowat.ch/pairs/ltcbtc","bitfinex","ltcbtc",TRUE,"https://api.cryptowat.ch/markets/bitfinex/ltcbtc",0.013985,34.349487,0.013972,23.9,0.013974,16.17,0.013978,30,0.013953,16.295,0.013983,68.948
"3","ltcbtc","ltc","Litecoin",FALSE,"https://api.cryptowat.ch/assets/ltc","btc","Bitcoin",FALSE,"https://api.cryptowat.ch/assets/btc","https://api.cryptowat.ch/pairs/ltcbtc","gdax","ltcbtc",TRUE,"https://api.cryptowat.ch/markets/gdax/ltcbtc",0.01406,0.724,0.01408,0.112645,0.01404,46.12982,0.01412,8.797383,0.014,5,0.01413,3.383714
"4","ltcbtc","ltc","Litecoin",FALSE,"https://api.cryptowat.ch/assets/ltc","btc","Bitcoin",FALSE,"https://api.cryptowat.ch/assets/btc","https://api.cryptowat.ch/pairs/ltcbtc","bitstamp","ltcbtc",TRUE,"https://api.cryptowat.ch/markets/bitstamp/ltcbtc",0.01399037,9e-08,0.014,15,0.01396003,2.7472727,0.01406336,54.068607,0.01396001,10,0.01406337,163.662
"5","ltcbtc","ltc","Litecoin",FALSE,"https://api.cryptowat.ch/assets/ltc","btc","Bitcoin",FALSE,"https://api.cryptowat.ch/assets/btc","https://api.cryptowat.ch/pairs/ltcbtc","kraken","ltcbtc",TRUE,"https://api.cryptowat.ch/markets/kraken/ltcbtc",0.01396,0.5,0.014065,49.417,0.013954,4.989,0.014066,4.03,0.013951,7.702,0.014082,0.526
"6","ltcbtc","ltc","Litecoin",FALSE,"https://api.cryptowat.ch/assets/ltc","btc","Bitcoin",FALSE,"https://api.cryptowat.ch/assets/btc","https://api.cryptowat.ch/pairs/ltcbtc","btce","ltcbtc",FALSE,"https://api.cryptowat.ch/markets/btce/ltcbtc",0.01615,57.906,0.01621,3.5946724,0.01612,128.66446,0.01622,0.6465033,0.01609,103.16369,0.01624,35.271652
"7","ltcbtc","ltc","Litecoin",FALSE,"https://api.cryptowat.ch/assets/ltc","btc","Bitcoin",FALSE,"https://api.cryptowat.ch/assets/btc","https://api.cryptowat.ch/pairs/ltcbtc","cryptsy","ltcbtc",FALSE,"https://api.cryptowat.ch/markets/cryptsy/ltcbtc",NA,NA,NA,NA,NA,NA,NA,NA,NA,NA,NA,NA
"8","ltcbtc","ltc","Litecoin",FALSE,"https://api.cryptowat.ch/assets/ltc","btc","Bitcoin",FALSE,"https://api.cryptowat.ch/assets/btc","https://api.cryptowat.ch/pairs/ltcbtc","cexio","ltcbtc",TRUE,"https://api.cryptowat.ch/markets/cexio/ltcbtc",0.00390208,2.78276,0.00449799,75.43,0.00390207,4.83,0.004498,1.8,0.00390205,4.83,0.00449892,26.107527
"9","ltcbtc","ltc","Litecoin",FALSE,"https://api.cryptowat.ch/assets/ltc","btc","Bitcoin",FALSE,"https://api.cryptowat.ch/assets/btc","https://api.cryptowat.ch/pairs/ltcbtc","qryptos","ltcbtc",TRUE,"https://api.cryptowat.ch/markets/qryptos/ltcbtc",0.01388,20,0.01418,1.58502,0.01361,20,NA,NA,NA,NA,NA,NA
"10","ltcbtc","ltc","Litecoin",FALSE,"https://api.cryptowat.ch/assets/ltc","btc","Bitcoin",FALSE,"https://api.cryptowat.ch/assets/btc","https://api.cryptowat.ch/pairs/ltcbtc","btc-china","ltcbtc",TRUE,"https://api.cryptowat.ch/markets/btc-china/ltcbtc",0.014,76.846,0.0153,43.26,0.0138,2.076,0.0154,27.9,0.0136,29.71,0.0156,8.475
"11","ltcbtc","ltc","Litecoin",FALSE,"https://api.cryptowat.ch/assets/ltc","btc","Bitcoin",FALSE,"https://api.cryptowat.ch/assets/btc","https://api.cryptowat.ch/pairs/ltcbtc","poloniex","ltcbtc",TRUE,"https://api.cryptowat.ch/markets/poloniex/ltcbtc",0.01393199,0.01646771,0.01396189,7.44708,0.01392488,23,0.01396191,2.6210742,0.01392421,0.1,0.01398096,174.54477
"12","ltcbtc","ltc","Litecoin",FALSE,"https://api.cryptowat.ch/assets/ltc","btc","Bitcoin",FALSE,"https://api.cryptowat.ch/assets/btc","https://api.cryptowat.ch/pairs/ltcbtc","bitsquare","ltcbtc",TRUE,"https://api.cryptowat.ch/markets/bitsquare/ltcbtc",NA,NA,NA,NA,NA,NA,NA,NA,NA,NA,NA,NA
"13","iotusd","iot","IOTA",FALSE,"https://api.cryptowat.ch/assets/iot","usd","United States dollar",TRUE,"https://api.cryptowat.ch/assets/usd","https://api.cryptowat.ch/pairs/iotusd","bitfinex","iotusd",TRUE,"https://api.cryptowat.ch/markets/bitfinex/iotusd",0.8494,787.81256,0.84746,2.420886,0.84913,166.95,0.84747,788.1106,0.84395,194.13896,0.84975,10
"14","icneth","icn","Iconomi",FALSE,"https://api.cryptowat.ch/assets/icn","eth","Ethereum",FALSE,"https://api.cryptowat.ch/assets/eth","https://api.cryptowat.ch/pairs/icneth","kraken","icneth",TRUE,"https://api.cryptowat.ch/markets/kraken/icneth",0.0067,646.559,0.00684,28.062,0.0066,691.279,0.00686,371.232,0.00655,5330,0.00687,14.031
"15","ethphp","eth","Ethereum",FALSE,"https://api.cryptowat.ch/assets/eth","php","Philippine Peso",TRUE,"https://api.cryptowat.ch/assets/php","https://api.cryptowat.ch/pairs/ethphp","quoine","ethphp",TRUE,"https://api.cryptowat.ch/markets/quoine/ethphp",NA,NA,NA,NA,NA,NA,NA,NA,NA,NA,NA,NA
"16","xrpeur","xrp","Ripple",FALSE,"https://api.cryptowat.ch/assets/xrp","eur","euro",TRUE,"https://api.cryptowat.ch/assets/eur","https://api.cryptowat.ch/pairs/xrpeur","bitstamp","xrpeur",TRUE,"https://api.cryptowat.ch/markets/bitstamp/xrpeur",0.18504,4291.225,0.18605,150,0.18502,12243.207,0.18611,509.60266,0.185,10000,0.1864,30.97472
"17","xrpeur","xrp","Ripple",FALSE,"https://api.cryptowat.ch/assets/xrp","eur","euro",TRUE,"https://api.cryptowat.ch/assets/eur","https://api.cryptowat.ch/pairs/xrpeur","kraken","xrpeur",TRUE,"https://api.cryptowat.ch/markets/kraken/xrpeur",0.185356,796,0.186978,63.811,0.185354,69787.79,0.186989,62.544,0.185353,13474.27,0.186999,626.347
"18","etceur","etc","Ethereum Classic",FALSE,"https://api.cryptowat.ch/assets/etc","eur","euro",TRUE,"https://api.cryptowat.ch/assets/eur","https://api.cryptowat.ch/pairs/etceur","kraken","etceur",TRUE,"https://api.cryptowat.ch/markets/kraken/etceur",13.23207,0.72,13.28317,22.235,13.23106,0.88,13.2834,0.697,13.23,417.949,13.31092,66.939
"19","btsbtc","bts","BitShares",FALSE,"https://api.cryptowat.ch/assets/bts","btc","Bitcoin",FALSE,"https://api.cryptowat.ch/assets/btc","https://api.cryptowat.ch/pairs/btsbtc","poloniex","btsbtc",TRUE,"https://api.cryptowat.ch/markets/poloniex/btsbtc",3.248e-05,682.22833,3.25e-05,338.04105,3.24e-05,13483.602,3.252e-05,113.5083,3.237e-05,0.26089785,3.253e-05,471.0445
"20","lsketh","lsk","Lisk",FALSE,"https://api.cryptowat.ch/assets/lsk","eth","Ethereum",FALSE,"https://api.cryptowat.ch/assets/eth","https://api.cryptowat.ch/pairs/lsketh","poloniex","lsketh",TRUE,"https://api.cryptowat.ch/markets/poloniex/lsketh",0.01669242,0.2,0.01689156,3.205446,0.01581864,122.56237,0.0170747,11.835012,0.01581863,633.36426,0.01707471,1367.2242
"21","dgbbtc","dgb","DigiByte",FALSE,"https://api.cryptowat.ch/assets/dgb","btc","Bitcoin",FALSE,"https://api.cryptowat.ch/assets/btc","https://api.cryptowat.ch/pairs/dgbbtc","poloniex","dgbbtc",TRUE,"https://api.cryptowat.ch/markets/poloniex/dgbbtc",3.47e-06,36552.363,3.49e-06,700066,3.46e-06,329565.6,3.5e-06,103716.78,3.45e-06,8109248.5,3.51e-06,182317.88
"22","etheur","eth","Ethereum",FALSE,"https://api.cryptowat.ch/assets/eth","eur","euro",TRUE,"https://api.cryptowat.ch/assets/eur","https://api.cryptowat.ch/pairs/etheur","gdax","etheur",TRUE,"https://api.cryptowat.ch/markets/gdax/etheur",302.01,2.778,302.17,0.2,302,0.1,302.19,5,301.99,0.01,302.2,0.3
"23","etheur","eth","Ethereum",FALSE,"https://api.cryptowat.ch/assets/eth","eur","euro",TRUE,"https://api.cryptowat.ch/assets/eur","https://api.cryptowat.ch/pairs/etheur","bitstamp","etheur",TRUE,"https://api.cryptowat.ch/markets/bitstamp/etheur",299.2,0.87206537,300.57,0.81968486,299.12,0.3,300.59,0.01748457,299.1,0.18587703,300.64,68.887
"24","etheur","eth","Ethereum",FALSE,"https://api.cryptowat.ch/assets/eth","eur","euro",TRUE,"https://api.cryptowat.ch/assets/eur","https://api.cryptowat.ch/pairs/etheur","kraken","etheur",TRUE,"https://api.cryptowat.ch/markets/kraken/etheur",300.0007,2.78,300.5,63.887,300,349.952,300.58,14.247,299.9,5,300.6,24.668
"25","etheur","eth","Ethereum",FALSE,"https://api.cryptowat.ch/assets/eth","eur","euro",TRUE,"https://api.cryptowat.ch/assets/eur","https://api.cryptowat.ch/pairs/etheur","btce","etheur",FALSE,"https://api.cryptowat.ch/markets/btce/etheur",179.02261,0.0481961,179.67824,0.5072167,179,7.6039968,180.20612,0.198863,178.605,0.513571,180.30711,2.174101
"26","etheur","eth","Ethereum",FALSE,"https://api.cryptowat.ch/assets/eth","eur","euro",TRUE,"https://api.cryptowat.ch/assets/eur","https://api.cryptowat.ch/pairs/etheur","quoine","etheur",TRUE,"https://api.cryptowat.ch/markets/quoine/etheur",269.63498,0.42312,329.94208,0.67623806,269.56857,0.1154481,329.95038,1.6,269.56027,0.8,330.1994,0.278548
"27","ethaud","eth","Ethereum",FALSE,"https://api.cryptowat.ch/assets/eth","aud","Australian Dollar",TRUE,"https://api.cryptowat.ch/assets/aud","https://api.cryptowat.ch/pairs/ethaud","quoine","ethaud",TRUE,"https://api.cryptowat.ch/markets/quoine/ethaud",NA,NA,NA,NA,NA,NA,NA,NA,NA,NA,NA,NA
"28","bchjpy","bch","Bitcoin Cash",FALSE,"https://api.cryptowat.ch/assets/bch","jpy","Japanese Yen",TRUE,"https://api.cryptowat.ch/assets/jpy","https://api.cryptowat.ch/pairs/bchjpy","quoine","bchjpy",TRUE,"https://api.cryptowat.ch/markets/quoine/bchjpy",67000,0.01,71499,0.11682,66000,0.01,71500,1,65000,0.01,71999.99,50
"29","ltccny-quarterly-futures","ltc","Litecoin",FALSE,"https://api.cryptowat.ch/assets/ltc","cny","Chinese yuan",TRUE,"https://api.cryptowat.ch/assets/cny","https://api.cryptowat.ch/pairs/ltccny-quarterly-futures","bitvc","ltccny-quarterly-futures",TRUE,"https://api.cryptowat.ch/markets/bitvc/ltccny-quarterly-futures",409.36,9.7714,412.57,268.0757,409.22,12.9515,412.58,156.0909,409.11,26.8876,412.6,75.1333
"30","ethinr","eth","Ethereum",FALSE,"https://api.cryptowat.ch/assets/eth","inr","Indian Rupee",TRUE,"https://api.cryptowat.ch/assets/inr","https://api.cryptowat.ch/pairs/ethinr","quoine","ethinr",TRUE,"https://api.cryptowat.ch/markets/quoine/ethinr",NA,NA,NA,NA,NA,NA,NA,NA,NA,NA,NA,NA
"31","maidbtc","maid","MaidSafe",FALSE,"https://api.cryptowat.ch/assets/maid","btc","Bitcoin",FALSE,"https://api.cryptowat.ch/assets/btc","https://api.cryptowat.ch/pairs/maidbtc","poloniex","maidbtc",TRUE,"https://api.cryptowat.ch/markets/poloniex/maidbtc",0.00014815,33.800278,0.00014929,170.77309,0.00014813,229.35085,0.0001493,88.573616,0.0001481,7.089804,0.00014958,59.184807
"32","nxtusd","nxt","NXT",FALSE,"https://api.cryptowat.ch/assets/nxt","usd","United States dollar",TRUE,"https://api.cryptowat.ch/assets/usd","https://api.cryptowat.ch/pairs/nxtusd","poloniex","nxtusd",TRUE,"https://api.cryptowat.ch/markets/poloniex/nxtusd",0.1111,5912.317,0.11120002,1729.5266,0.1108,9368.969,0.11170107,9097.776,0.110777,10000,0.11170111,14665.575
"33","ltcxmr","ltc","Litecoin",FALSE,"https://api.cryptowat.ch/assets/ltc","xmr","Monero",FALSE,"https://api.cryptowat.ch/assets/xmr","https://api.cryptowat.ch/pairs/ltcxmr","poloniex","ltcxmr",TRUE,"https://api.cryptowat.ch/markets/poloniex/ltcxmr",0.45847473,0.09460903,0.46328822,0.00109729,0.45331252,0.09303815,0.4675047,23.249891,0.45205536,0.00568073,0.4689163,0.3685244
"34","bchusd","bch","Bitcoin Cash",FALSE,"https://api.cryptowat.ch/assets/bch","usd","United States dollar",TRUE,"https://api.cryptowat.ch/assets/usd","https://api.cryptowat.ch/pairs/bchusd","bitfinex","bchusd",TRUE,"https://api.cryptowat.ch/markets/bitfinex/bchusd",577.42,17.237,577.9,117.11027,577.1,4,578,16.131083,576.41,21.928,578.8,23.5
"35","bchusd","bch","Bitcoin Cash",FALSE,"https://api.cryptowat.ch/assets/bch","usd","United States dollar",TRUE,"https://api.cryptowat.ch/assets/usd","https://api.cryptowat.ch/pairs/bchusd","kraken","bchusd",TRUE,"https://api.cryptowat.ch/markets/kraken/bchusd",573.6587,34.966,575.9999,1.056,573.6015,0.32,576,50,572.796,7.549,579.3,8.625
"36","bchusd","bch","Bitcoin Cash",FALSE,"https://api.cryptowat.ch/assets/bch","usd","United States dollar",TRUE,"https://api.cryptowat.ch/assets/usd","https://api.cryptowat.ch/pairs/bchusd","cexio","bchusd",TRUE,"https://api.cryptowat.ch/markets/cexio/bchusd",591.6009,0.99428475,594.7,1.0297818,591.6008,1.8325995,594.99,1.243136,591.6,0.1,595.1512,0.17239004
"37","bchusd","bch","Bitcoin Cash",FALSE,"https://api.cryptowat.ch/assets/bch","usd","United States dollar",TRUE,"https://api.cryptowat.ch/assets/usd","https://api.cryptowat.ch/pairs/bchusd","quoine","bchusd",TRUE,"https://api.cryptowat.ch/markets/quoine/bchusd",510,0.077366,635,0.48,501,3.8631797,640,0.5,500,0.22441,645,0.36911
"38","btcusd","btc","Bitcoin",FALSE,"https://api.cryptowat.ch/assets/btc","usd","United States dollar",TRUE,"https://api.cryptowat.ch/assets/usd","https://api.cryptowat.ch/pairs/btcusd","bitfinex","btcusd",TRUE,"https://api.cryptowat.ch/markets/bitfinex/btcusd",4394.6,6.02,4396.2,1.68,4394.5,0.5,4396.3,0.02455067,4394.4,0.6,4396.4,1.1
"39","btcusd","btc","Bitcoin",FALSE,"https://api.cryptowat.ch/assets/btc","usd","United States dollar",TRUE,"https://api.cryptowat.ch/assets/usd","https://api.cryptowat.ch/pairs/btcusd","gdax","btcusd",TRUE,"https://api.cryptowat.ch/markets/gdax/btcusd",4396.97,1,4396.98,5.533879,4396.96,0.2,4396.99,20,4396.88,1.54,4397,1
"40","btcusd","btc","Bitcoin",FALSE,"https://api.cryptowat.ch/assets/btc","usd","United States dollar",TRUE,"https://api.cryptowat.ch/assets/usd","https://api.cryptowat.ch/pairs/btcusd","bitstamp","btcusd",TRUE,"https://api.cryptowat.ch/markets/bitstamp/btcusd",4385.02,0.427,4398.92,1.5604,4385,1.0061988,4399,3,4384.49,6.74,4399.71,0.19
"41","btcusd","btc","Bitcoin",FALSE,"https://api.cryptowat.ch/assets/btc","usd","United States dollar",TRUE,"https://api.cryptowat.ch/assets/usd","https://api.cryptowat.ch/pairs/btcusd","kraken","btcusd",TRUE,"https://api.cryptowat.ch/markets/kraken/btcusd",4390.701,0.425,4393,0.043,4390.7,2.273,4393.247,0.011,4382.001,1.829,4394,0.3
"42","btcusd","btc","Bitcoin",FALSE,"https://api.cryptowat.ch/assets/btc","usd","United States dollar",TRUE,"https://api.cryptowat.ch/assets/usd","https://api.cryptowat.ch/pairs/btcusd","btce","btcusd",FALSE,"https://api.cryptowat.ch/markets/btce/btcusd",2546,41.141727,2546.779,1.05,2544.991,0.00785856,2546.78,0.0339,2544.99,0.50888544,2546.98,0.11
"43","btcusd","btc","Bitcoin",FALSE,"https://api.cryptowat.ch/assets/btc","usd","United States dollar",TRUE,"https://api.cryptowat.ch/assets/usd","https://api.cryptowat.ch/pairs/btcusd","cryptsy","btcusd",FALSE,"https://api.cryptowat.ch/markets/cryptsy/btcusd",NA,NA,NA,NA,NA,NA,NA,NA,NA,NA,NA,NA
"44","btcusd","btc","Bitcoin",FALSE,"https://api.cryptowat.ch/assets/btc","usd","United States dollar",TRUE,"https://api.cryptowat.ch/assets/usd","https://api.cryptowat.ch/pairs/btcusd","cexio","btcusd",TRUE,"https://api.cryptowat.ch/markets/cexio/btcusd",4479.5,0.30146447,4482.34,0.26450545,4479.4014,0.1385361,4482.4424,0.03563363,4475.69,0.05,4484.9814,0.04657498
"45","btcusd","btc","Bitcoin",FALSE,"https://api.cryptowat.ch/assets/btc","usd","United States dollar",TRUE,"https://api.cryptowat.ch/assets/usd","https://api.cryptowat.ch/pairs/btcusd","gemini","btcusd",TRUE,"https://api.cryptowat.ch/markets/gemini/btcusd",4389.98,49.68753,4389.99,17.77237,4389.35,2.7,4390,42.30789,4388.22,0.52118,4390.02,0.11967806
"46","btcusd","btc","Bitcoin",FALSE,"https://api.cryptowat.ch/assets/btc","usd","United States dollar",TRUE,"https://api.cryptowat.ch/assets/usd","https://api.cryptowat.ch/pairs/btcusd","quoine","btcusd",TRUE,"https://api.cryptowat.ch/markets/quoine/btcusd",4398.143,0.09241,4402.5435,0.24928,4389.214,0.64928,4411.4814,0.40928,4383.9824,1.84928,4416.7183,1.84928
"47","btcusd","btc","Bitcoin",FALSE,"https://api.cryptowat.ch/assets/btc","usd","United States dollar",TRUE,"https://api.cryptowat.ch/assets/usd","https://api.cryptowat.ch/pairs/btcusd","okcoin","btcusd",TRUE,"https://api.cryptowat.ch/markets/okcoin/btcusd",4616.16,0.023,4629,0.66,4616.15,0.223,4630,2,4616.05,0.223,4635,0.962
"48","btcusd","btc","Bitcoin",FALSE,"https://api.cryptowat.ch/assets/btc","usd","United States dollar",TRUE,"https://api.cryptowat.ch/assets/usd","https://api.cryptowat.ch/pairs/btcusd","mexbt","btcusd",FALSE,"https://api.cryptowat.ch/markets/mexbt/btcusd",NA,NA,NA,NA,NA,NA,NA,NA,NA,NA,NA,NA
"49","btcusd","btc","Bitcoin",FALSE,"https://api.cryptowat.ch/assets/btc","usd","United States dollar",TRUE,"https://api.cryptowat.ch/assets/usd","https://api.cryptowat.ch/pairs/btcusd","poloniex","btcusd",TRUE,"https://api.cryptowat.ch/markets/poloniex/btcusd",4386.0747,2.3803046,4390.6123,1.7490835,4386,0.00239735,4395,0.01477302,4382,3,4395.015,0.00014373
"50","btcusd","btc","Bitcoin",FALSE,"https://api.cryptowat.ch/assets/btc","usd","United States dollar",TRUE,"https://api.cryptowat.ch/assets/usd","https://api.cryptowat.ch/pairs/btcusd","mtgox","btcusd",FALSE,"https://api.cryptowat.ch/markets/mtgox/btcusd",NA,NA,NA,NA,NA,NA,NA,NA,NA,NA,NA,NA
"51","btcusd","btc","Bitcoin",FALSE,"https://api.cryptowat.ch/assets/btc","usd","United States dollar",TRUE,"https://api.cryptowat.ch/assets/usd","https://api.cryptowat.ch/pairs/btcusd","bitsquare","btcusd",TRUE,"https://api.cryptowat.ch/markets/bitsquare/btcusd",4365,0.0321,NA,NA,NA,NA,NA,NA,NA,NA,NA,NA
"52","dogebtc","doge","Dogecoin",FALSE,"https://api.cryptowat.ch/assets/doge","btc","Bitcoin",FALSE,"https://api.cryptowat.ch/assets/btc","https://api.cryptowat.ch/pairs/dogebtc","kraken","dogebtc",TRUE,"https://api.cryptowat.ch/markets/kraken/dogebtc",4.1e-07,2169405.5,4.2e-07,3429969.2,4e-07,14099806,4.22e-07,7697.97,3.9e-07,9873296,4.3e-07,9281477
"53","zecxmr","zec","ZEC",FALSE,"https://api.cryptowat.ch/assets/zec","xmr","Monero",FALSE,"https://api.cryptowat.ch/assets/xmr","https://api.cryptowat.ch/pairs/zecxmr","poloniex","zecxmr",TRUE,"https://api.cryptowat.ch/markets/poloniex/zecxmr",1.9828783,80.20054,2.0329673,1.8552272,1.9710398,0.02084471,2.0599918,70.88976,1.9674417,0.16779478,2.059998,0.00079919
"54","bfxbtc","bfx","BFX",FALSE,"https://api.cryptowat.ch/assets/bfx","btc","Bitcoin",FALSE,"https://api.cryptowat.ch/assets/btc","https://api.cryptowat.ch/pairs/bfxbtc","bitfinex","bfxbtc",FALSE,"https://api.cryptowat.ch/markets/bitfinex/bfxbtc",NA,NA,NA,NA,NA,NA,NA,NA,NA,NA,NA,NA
"55","repbtc","rep","Augur",FALSE,"https://api.cryptowat.ch/assets/rep","btc","Bitcoin",FALSE,"https://api.cryptowat.ch/assets/btc","https://api.cryptowat.ch/pairs/repbtc","kraken","repbtc",TRUE,"https://api.cryptowat.ch/markets/kraken/repbtc",0.005719,97.345,0.005822,22.392,0.005715,1.25,0.005823,226.989,0.005706,77.896,0.005827,0.914
"56","repbtc","rep","Augur",FALSE,"https://api.cryptowat.ch/assets/rep","btc","Bitcoin",FALSE,"https://api.cryptowat.ch/assets/btc","https://api.cryptowat.ch/pairs/repbtc","qryptos","repbtc",TRUE,"https://api.cryptowat.ch/markets/qryptos/repbtc",NA,NA,NA,NA,NA,NA,NA,NA,NA,NA,NA,NA
"57","repbtc","rep","Augur",FALSE,"https://api.cryptowat.ch/assets/rep","btc","Bitcoin",FALSE,"https://api.cryptowat.ch/assets/btc","https://api.cryptowat.ch/pairs/repbtc","poloniex","repbtc",TRUE,"https://api.cryptowat.ch/markets/poloniex/repbtc",0.00575,91.85849,0.00575839,169.348,0.00571098,7.203143,0.0057584,3.819371,0.00571096,20.370874,0.00575843,0.08726164
"58","bcheth","bch","Bitcoin Cash",FALSE,"https://api.cryptowat.ch/assets/bch","eth","Ethereum",FALSE,"https://api.cryptowat.ch/assets/eth","https://api.cryptowat.ch/pairs/bcheth","bitfinex","bcheth",TRUE,"https://api.cryptowat.ch/markets/bitfinex/bcheth",1.5885,19.059296,1.5993,22.251068,1.5884,32.894005,1.5995,3.2,1.5883,1.0647533,1.6152,8.483
"59","zecgbp","zec","ZEC",FALSE,"https://api.cryptowat.ch/assets/zec","gbp","British Pound",TRUE,"https://api.cryptowat.ch/assets/gbp","https://api.cryptowat.ch/pairs/zecgbp","kraken","zecgbp",TRUE,"https://api.cryptowat.ch/markets/kraken/zecgbp",NA,NA,NA,NA,NA,NA,NA,NA,NA,NA,NA,NA
"60","xrpjpy","xrp","Ripple",FALSE,"https://api.cryptowat.ch/assets/xrp","jpy","Japanese Yen",TRUE,"https://api.cryptowat.ch/assets/jpy","https://api.cryptowat.ch/pairs/xrpjpy","kraken","xrpjpy",TRUE,"https://api.cryptowat.ch/markets/kraken/xrpjpy",17.7999,192.628,21.5125,100,16.6,2150.603,22.2882,2360.317,16.5005,20000,23,30000
"61","nxtbtc","nxt","NXT",FALSE,"https://api.cryptowat.ch/assets/nxt","btc","Bitcoin",FALSE,"https://api.cryptowat.ch/assets/btc","https://api.cryptowat.ch/pairs/nxtbtc","poloniex","nxtbtc",TRUE,"https://api.cryptowat.ch/markets/poloniex/nxtbtc",2.53e-05,2976.9185,2.539e-05,408.039,2.528e-05,38.725475,2.549e-05,18130.688,2.527e-05,8936.544,2.55e-05,10339.563
"62","ltcusd-biweekly-futures","ltc","Litecoin",FALSE,"https://api.cryptowat.ch/assets/ltc","usd","United States dollar",TRUE,"https://api.cryptowat.ch/assets/usd","https://api.cryptowat.ch/pairs/ltcusd-biweekly-futures","okcoin","ltcusd-biweekly-futures",TRUE,"https://api.cryptowat.ch/markets/okcoin/ltcusd-biweekly-futures",63.159,5,63.355,4,63.133,8,63.356,81,63.107,7,63.467,308
"63","xmrbtc","xmr","Monero",FALSE,"https://api.cryptowat.ch/assets/xmr","btc","Bitcoin",FALSE,"https://api.cryptowat.ch/assets/btc","https://api.cryptowat.ch/pairs/xmrbtc","bitfinex","xmrbtc",TRUE,"https://api.cryptowat.ch/markets/bitfinex/xmrbtc",0.030286,88.426,0.0303,172.90915,0.030184,7.317476,0.030345,0.31675294,0.030174,1,0.03035,0.31675324
"64","xmrbtc","xmr","Monero",FALSE,"https://api.cryptowat.ch/assets/xmr","btc","Bitcoin",FALSE,"https://api.cryptowat.ch/assets/btc","https://api.cryptowat.ch/pairs/xmrbtc","kraken","xmrbtc",TRUE,"https://api.cryptowat.ch/markets/kraken/xmrbtc",0.030329,7.085,0.030737,4.404,0.03032,1.232,0.030967,11.051,0.03029,2.602,0.030968,205.624
"65","xmrbtc","xmr","Monero",FALSE,"https://api.cryptowat.ch/assets/xmr","btc","Bitcoin",FALSE,"https://api.cryptowat.ch/assets/btc","https://api.cryptowat.ch/pairs/xmrbtc","qryptos","xmrbtc",TRUE,"https://api.cryptowat.ch/markets/qryptos/xmrbtc",0.03003,10,NA,NA,NA,NA,NA,NA,NA,NA,NA,NA
"66","xmrbtc","xmr","Monero",FALSE,"https://api.cryptowat.ch/assets/xmr","btc","Bitcoin",FALSE,"https://api.cryptowat.ch/assets/btc","https://api.cryptowat.ch/pairs/xmrbtc","poloniex","xmrbtc",TRUE,"https://api.cryptowat.ch/markets/poloniex/xmrbtc",0.0303684,182.75717,0.03038487,73.271,0.03036398,1.8270628,0.03038488,1.8272628,0.03036073,0.02,0.03039008,3.594135
"67","ethbtc","eth","Ethereum",FALSE,"https://api.cryptowat.ch/assets/eth","btc","Bitcoin",FALSE,"https://api.cryptowat.ch/assets/btc","https://api.cryptowat.ch/pairs/ethbtc","bitfinex","ethbtc",TRUE,"https://api.cryptowat.ch/markets/bitfinex/ethbtc",0.082157,11.1325,0.082247,102.78942,0.082091,13.8312,0.082248,13.8384,0.082081,15.096,0.08225,0.3574
"68","ethbtc","eth","Ethereum",FALSE,"https://api.cryptowat.ch/assets/eth","btc","Bitcoin",FALSE,"https://api.cryptowat.ch/assets/btc","https://api.cryptowat.ch/pairs/ethbtc","gdax","ethbtc",TRUE,"https://api.cryptowat.ch/markets/gdax/ethbtc",0.08219,0.14270043,0.0822,149.54996,0.08212,0.012125,0.08226,0.2,0.0821,0.04577,0.08227,5.5304
"69","ethbtc","eth","Ethereum",FALSE,"https://api.cryptowat.ch/assets/eth","btc","Bitcoin",FALSE,"https://api.cryptowat.ch/assets/btc","https://api.cryptowat.ch/pairs/ethbtc","bitstamp","ethbtc",TRUE,"https://api.cryptowat.ch/markets/bitstamp/ethbtc",0.08220006,2.42,0.08252626,75.07921,0.08220003,0.6061046,0.08252627,3.905586,0.08210004,20.557,0.08266644,0.29711717
"70","ethbtc","eth","Ethereum",FALSE,"https://api.cryptowat.ch/assets/eth","btc","Bitcoin",FALSE,"https://api.cryptowat.ch/assets/btc","https://api.cryptowat.ch/pairs/ethbtc","kraken","ethbtc",TRUE,"https://api.cryptowat.ch/markets/kraken/ethbtc",0.082235,0.731,0.082352,6.655,0.082231,2.737,0.082703,0.022,0.082208,0.165,0.082755,0.022
"71","ethbtc","eth","Ethereum",FALSE,"https://api.cryptowat.ch/assets/eth","btc","Bitcoin",FALSE,"https://api.cryptowat.ch/assets/btc","https://api.cryptowat.ch/pairs/ethbtc","btce","ethbtc",FALSE,"https://api.cryptowat.ch/markets/btce/ethbtc",0.08039,19.9768,0.08078,0.37673673,0.08036,0.0837819,0.08085,32.612,0.08035,2.005,0.0809,0.1769733
"72","ethbtc","eth","Ethereum",FALSE,"https://api.cryptowat.ch/assets/eth","btc","Bitcoin",FALSE,"https://api.cryptowat.ch/assets/btc","https://api.cryptowat.ch/pairs/ethbtc","cryptsy","ethbtc",FALSE,"https://api.cryptowat.ch/markets/cryptsy/ethbtc",NA,NA,NA,NA,NA,NA,NA,NA,NA,NA,NA,NA
"73","ethbtc","eth","Ethereum",FALSE,"https://api.cryptowat.ch/assets/eth","btc","Bitcoin",FALSE,"https://api.cryptowat.ch/assets/btc","https://api.cryptowat.ch/pairs/ethbtc","cexio","ethbtc",TRUE,"https://api.cryptowat.ch/markets/cexio/ethbtc",0.08207764,1,0.08231699,0.6,0.08207763,0.6,0.082317,0.19,0.08207761,4.685698,0.08284593,86.699814
"74","ethbtc","eth","Ethereum",FALSE,"https://api.cryptowat.ch/assets/eth","btc","Bitcoin",FALSE,"https://api.cryptowat.ch/assets/btc","https://api.cryptowat.ch/pairs/ethbtc","gemini","ethbtc",TRUE,"https://api.cryptowat.ch/markets/gemini/ethbtc",0.08211,0.205,0.08212,90.17728,0.08204,41.54,0.08213,2.921,0.08202,0.095,0.08214,0.896
"75","ethbtc","eth","Ethereum",FALSE,"https://api.cryptowat.ch/assets/eth","btc","Bitcoin",FALSE,"https://api.cryptowat.ch/assets/btc","https://api.cryptowat.ch/pairs/ethbtc","quoine","ethbtc",TRUE,"https://api.cryptowat.ch/markets/quoine/ethbtc",0.07649,50,0.084,0.2,0.07648,5,0.08449,50,0.07523,50,0.0845,2
"76","ethbtc","eth","Ethereum",FALSE,"https://api.cryptowat.ch/assets/eth","btc","Bitcoin",FALSE,"https://api.cryptowat.ch/assets/btc","https://api.cryptowat.ch/pairs/ethbtc","qryptos","ethbtc",TRUE,"https://api.cryptowat.ch/markets/qryptos/ethbtc",0.05011,20,0.12499,6.5,0.0501,10,0.125,50,0.04927,20,0.2,25
"77","ethbtc","eth","Ethereum",FALSE,"https://api.cryptowat.ch/assets/eth","btc","Bitcoin",FALSE,"https://api.cryptowat.ch/assets/btc","https://api.cryptowat.ch/pairs/ethbtc","bitflyer","ethbtc",TRUE,"https://api.cryptowat.ch/markets/bitflyer/ethbtc",0.08211,3.61,0.08287,22,0.0821,5,0.08288,6,0.082,0.3,0.0829,5.3
"78","ethbtc","eth","Ethereum",FALSE,"https://api.cryptowat.ch/assets/eth","btc","Bitcoin",FALSE,"https://api.cryptowat.ch/assets/btc","https://api.cryptowat.ch/pairs/ethbtc","poloniex","ethbtc",TRUE,"https://api.cryptowat.ch/markets/poloniex/ethbtc",0.08212601,4.3240943,0.08219999,9.519153,0.082126,12.538202,0.0822,0.91190004,0.08212203,13.300748,0.0822089,5
"79","ethbtc","eth","Ethereum",FALSE,"https://api.cryptowat.ch/assets/eth","btc","Bitcoin",FALSE,"https://api.cryptowat.ch/assets/btc","https://api.cryptowat.ch/pairs/ethbtc","bitsquare","ethbtc",TRUE,"https://api.cryptowat.ch/markets/bitsquare/ethbtc",NA,NA,NA,NA,NA,NA,NA,NA,NA,NA,NA,NA
"80","bchbtc","bch","Bitcoin Cash",FALSE,"https://api.cryptowat.ch/assets/bch","btc","Bitcoin",FALSE,"https://api.cryptowat.ch/assets/btc","https://api.cryptowat.ch/pairs/bchbtc","bitfinex","bchbtc",TRUE,"https://api.cryptowat.ch/markets/bitfinex/bchbtc",0.13188,76.30275,0.13189,15.381,0.1318,0.05,0.132,1.6065788,0.13161,22.234362,0.13221,2
"81","bchbtc","bch","Bitcoin Cash",FALSE,"https://api.cryptowat.ch/assets/bch","btc","Bitcoin",FALSE,"https://api.cryptowat.ch/assets/btc","https://api.cryptowat.ch/pairs/bchbtc","kraken","bchbtc",TRUE,"https://api.cryptowat.ch/markets/kraken/bchbtc",0.130752,9.688,0.131398,3.446,0.13075,100,0.1314,5.559,0.130745,0.064,0.13189,0.004
"82","bchbtc","bch","Bitcoin Cash",FALSE,"https://api.cryptowat.ch/assets/bch","btc","Bitcoin",FALSE,"https://api.cryptowat.ch/assets/btc","https://api.cryptowat.ch/pairs/bchbtc","bitflyer","bchbtc",TRUE,"https://api.cryptowat.ch/markets/bitflyer/bchbtc",0.13114,10,0.13329,10,0.13113,98.217,0.13331,3.6,0.13111,0.1657493,0.13333,12.984
"83","bchbtc","bch","Bitcoin Cash",FALSE,"https://api.cryptowat.ch/assets/bch","btc","Bitcoin",FALSE,"https://api.cryptowat.ch/assets/btc","https://api.cryptowat.ch/pairs/bchbtc","poloniex","bchbtc",TRUE,"https://api.cryptowat.ch/markets/poloniex/bchbtc",0.13197862,0.00124391,0.132,0.05806606,0.13150151,1.6831108,0.13206369,0.22978853,0.1315015,1.748144,0.13209997,7.514
"84","usdtusd","usdt","Tether",FALSE,"https://api.cryptowat.ch/assets/usdt","usd","United States dollar",TRUE,"https://api.cryptowat.ch/assets/usd","https://api.cryptowat.ch/pairs/usdtusd","kraken","usdtusd",TRUE,"https://api.cryptowat.ch/markets/kraken/usdtusd",1.003,44453.113,1.004,2966.11,1.0012,14882.142,1.005,1000,1.0011,20973.93,1.006,1000
"85","ethrur","eth","Ethereum",FALSE,"https://api.cryptowat.ch/assets/eth","rur","Russian Ruble",TRUE,"https://api.cryptowat.ch/assets/rur","https://api.cryptowat.ch/pairs/ethrur","btce","ethrur",FALSE,"https://api.cryptowat.ch/markets/btce/ethrur",12332.507,0.765,12367.672,0.03947373,12315.896,0.0392563,12379.035,0.50620097,12305.094,0.50861806,12394.17,0.1859
"86","daobtc","dao","Decentralized Autonomous Organization",FALSE,"https://api.cryptowat.ch/assets/dao","btc","Bitcoin",FALSE,"https://api.cryptowat.ch/assets/btc","https://api.cryptowat.ch/pairs/daobtc","poloniex","daobtc",TRUE,"https://api.cryptowat.ch/markets/poloniex/daobtc",NA,NA,NA,NA,NA,NA,NA,NA,NA,NA,NA,NA
"87","btckrw","btc","Bitcoin",FALSE,"https://api.cryptowat.ch/assets/btc","krw","South Korean Won",TRUE,"https://api.cryptowat.ch/assets/krw","https://api.cryptowat.ch/pairs/btckrw","bithumb","btckrw",TRUE,"https://api.cryptowat.ch/markets/bithumb/btckrw",4916000,3.9114,4917000,0.577,4915000,2.0315,4920000,4.5658965,4914000,2.3654,4921000,6.2339
"88","btcgbp","btc","Bitcoin",FALSE,"https://api.cryptowat.ch/assets/btc","gbp","British Pound",TRUE,"https://api.cryptowat.ch/assets/gbp","https://api.cryptowat.ch/pairs/btcgbp","gdax","btcgbp",TRUE,"https://api.cryptowat.ch/markets/gdax/btcgbp",3408.1,0.241,3417,0.022456948,3408.02,0.01,3417.51,0.41743034,3405.45,2.27266,3418.09,0.02586613
"89","btcgbp","btc","Bitcoin",FALSE,"https://api.cryptowat.ch/assets/btc","gbp","British Pound",TRUE,"https://api.cryptowat.ch/assets/gbp","https://api.cryptowat.ch/pairs/btcgbp","kraken","btcgbp",TRUE,"https://api.cryptowat.ch/markets/kraken/btcgbp",2990,0.003,3239.999,0.5,2989,0.32,3240,1,2987,1.135,3245.976,0.039
"90","ethidr","eth","Ethereum",FALSE,"https://api.cryptowat.ch/assets/eth","idr","Indonesian Rupiah",TRUE,"https://api.cryptowat.ch/assets/idr","https://api.cryptowat.ch/pairs/ethidr","quoine","ethidr",TRUE,"https://api.cryptowat.ch/markets/quoine/ethidr",NA,NA,NA,NA,NA,NA,NA,NA,NA,NA,NA,NA
"91","fctbtc","fct","Factom",FALSE,"https://api.cryptowat.ch/assets/fct","btc","Bitcoin",FALSE,"https://api.cryptowat.ch/assets/btc","https://api.cryptowat.ch/pairs/fctbtc","poloniex","fctbtc",TRUE,"https://api.cryptowat.ch/markets/poloniex/fctbtc",0.00696835,0.01723237,0.0069753,4.005395,0.00696834,2.98,0.00698051,90.253914,0.00696206,1.43381,0.00698054,55.306053
"92","gntbtc","gnt","Golem",FALSE,"https://api.cryptowat.ch/assets/gnt","btc","Bitcoin",FALSE,"https://api.cryptowat.ch/assets/btc","https://api.cryptowat.ch/pairs/gntbtc","poloniex","gntbtc",TRUE,"https://api.cryptowat.ch/markets/poloniex/gntbtc",7.089e-05,228.60512,7.109e-05,143.26479,7.08e-05,751.94434,7.129e-05,471.85635,7.079e-05,3649.0378,7.131e-05,3557.734
"93","repcad","rep","Augur",FALSE,"https://api.cryptowat.ch/assets/rep","cad","Canadian dollar",TRUE,"https://api.cryptowat.ch/assets/cad","https://api.cryptowat.ch/pairs/repcad","kraken","repcad",TRUE,"https://api.cryptowat.ch/markets/kraken/repcad",NA,NA,NA,NA,NA,NA,NA,NA,NA,NA,NA,NA
"94","btcinr","btc","Bitcoin",FALSE,"https://api.cryptowat.ch/assets/btc","inr","Indian Rupee",TRUE,"https://api.cryptowat.ch/assets/inr","https://api.cryptowat.ch/pairs/btcinr","quoine","btcinr",TRUE,"https://api.cryptowat.ch/markets/quoine/btcinr",270500,0.36973,299999,0.368,270000,0.0112,299999,4.19304,268000,0.00199,306602,0.1
"95","navbtc","nav","NAV Coin",FALSE,"https://api.cryptowat.ch/assets/nav","btc","Bitcoin",FALSE,"https://api.cryptowat.ch/assets/btc","https://api.cryptowat.ch/pairs/navbtc","poloniex","navbtc",TRUE,"https://api.cryptowat.ch/markets/poloniex/navbtc",0.00014807,3294.0347,0.00015,16.736912,0.00014806,27.016075,0.0001503,232.4175,0.00014805,20.263424,0.00015059,6.6889606
"96","stratbtc","strat","Stratis",FALSE,"https://api.cryptowat.ch/assets/strat","btc","Bitcoin",FALSE,"https://api.cryptowat.ch/assets/btc","https://api.cryptowat.ch/pairs/stratbtc","poloniex","stratbtc",TRUE,"https://api.cryptowat.ch/markets/poloniex/stratbtc",0.00155021,1485.113,0.00155994,158.67273,0.0015502,203.28224,0.00155998,3.4013658,0.00155012,50,0.00156009,148.70026
"97","btcjpy-biweekly-futures","btc","Bitcoin",FALSE,"https://api.cryptowat.ch/assets/btc","jpy","Japanese Yen",TRUE,"https://api.cryptowat.ch/assets/jpy","https://api.cryptowat.ch/pairs/btcjpy-biweekly-futures","bitflyer","btcjpy-biweekly-futures",TRUE,"https://api.cryptowat.ch/markets/bitflyer/btcjpy-biweekly-futures",476420,1,479860,1.41,476350,1,479863,0.94,475765,2,480360,1.63
"98","btcmxn","btc","Bitcoin",FALSE,"https://api.cryptowat.ch/assets/btc","mxn","Mexican Peso",TRUE,"https://api.cryptowat.ch/assets/mxn","https://api.cryptowat.ch/pairs/btcmxn","mexbt","btcmxn",FALSE,"https://api.cryptowat.ch/markets/mexbt/btcmxn",NA,NA,NA,NA,NA,NA,NA,NA,NA,NA,NA,NA
"99","btcusd-quarterly-futures","btc","Bitcoin",FALSE,"https://api.cryptowat.ch/assets/btc","usd","United States dollar",TRUE,"https://api.cryptowat.ch/assets/usd","https://api.cryptowat.ch/pairs/btcusd-quarterly-futures","okcoin","btcusd-quarterly-futures",TRUE,"https://api.cryptowat.ch/markets/okcoin/btcusd-quarterly-futures",4392.39,152,4393.3,9,4390.17,47,4394.17,50,4390,8,4394.18,29
"100","ethgbp","eth","Ethereum",FALSE,"https://api.cryptowat.ch/assets/eth","gbp","British Pound",TRUE,"https://api.cryptowat.ch/assets/gbp","https://api.cryptowat.ch/pairs/ethgbp","kraken","ethgbp",TRUE,"https://api.cryptowat.ch/markets/kraken/ethgbp",235,12,249.8,5,234,4.43,250,9.169,232,2,252,10
"101","gnoeur","gno","Gnosis",FALSE,"https://api.cryptowat.ch/assets/gno","eur","euro",TRUE,"https://api.cryptowat.ch/assets/eur","https://api.cryptowat.ch/pairs/gnoeur","kraken","gnoeur",TRUE,"https://api.cryptowat.ch/markets/kraken/gnoeur",133.23782,0.024,137.4,1,133.0668,0.075,140.5,1,132.76994,0.04,141.1,5.621
"102","repjpy","rep","Augur",FALSE,"https://api.cryptowat.ch/assets/rep","jpy","Japanese Yen",TRUE,"https://api.cryptowat.ch/assets/jpy","https://api.cryptowat.ch/pairs/repjpy","kraken","repjpy",TRUE,"https://api.cryptowat.ch/markets/kraken/repjpy",NA,NA,NA,NA,NA,NA,NA,NA,NA,NA,NA,NA
"103","nmcusd","nmc","Namecoin",FALSE,"https://api.cryptowat.ch/assets/nmc","usd","United States dollar",TRUE,"https://api.cryptowat.ch/assets/usd","https://api.cryptowat.ch/pairs/nmcusd","btce","nmcusd",FALSE,"https://api.cryptowat.ch/markets/btce/nmcusd",1.931,0.6,1.945,439.83395,1.928,100,1.946,1635.0743,1.927,189.6333,1.947,15
"104","ltccny-weekly-futures","ltc","Litecoin",FALSE,"https://api.cryptowat.ch/assets/ltc","cny","Chinese yuan",TRUE,"https://api.cryptowat.ch/assets/cny","https://api.cryptowat.ch/pairs/ltccny-weekly-futures","bitvc","ltccny-weekly-futures",TRUE,"https://api.cryptowat.ch/markets/bitvc/ltccny-weekly-futures",409,12.225,412.57,7.5139,408.93,4.6463,412.75,15.0212,408.92,5.1355,412.95,4.8432
"105","xbt-perpetual-futures","btc","Bitcoin",FALSE,"https://api.cryptowat.ch/assets/btc","usd","United States dollar",TRUE,"https://api.cryptowat.ch/assets/usd","https://api.cryptowat.ch/pairs/xbt-perpetual-futures","bitmex","xbt-perpetual-futures",TRUE,"https://api.cryptowat.ch/markets/bitmex/xbt-perpetual-futures",4395.9,11012,4396,6634,4395.8,1000,4397.1,30,4395.7,10050,4397.2,202
"106","etckrw","etc","Ethereum Classic",FALSE,"https://api.cryptowat.ch/assets/etc","krw","South Korean Won",TRUE,"https://api.cryptowat.ch/assets/krw","https://api.cryptowat.ch/pairs/etckrw","bithumb","etckrw",TRUE,"https://api.cryptowat.ch/markets/bithumb/etckrw",17755,0.4614,17760,7.992,17750,1588.3754,17780,185.39438,17745,1430.8689,17785,293.508
"107","omgusd","omg","OmiseGo",FALSE,"https://api.cryptowat.ch/assets/omg","usd","United States dollar",TRUE,"https://api.cryptowat.ch/assets/usd","https://api.cryptowat.ch/pairs/omgusd","bitfinex","omgusd",TRUE,"https://api.cryptowat.ch/markets/bitfinex/omgusd",9.19,173.81464,9.1844,239.87204,9.1618,72.14496,9.197,122.9,9.1617,278.9352,9.198,123
"108","omgeth","omg","OmiseGo",FALSE,"https://api.cryptowat.ch/assets/omg","eth","Ethereum",FALSE,"https://api.cryptowat.ch/assets/eth","https://api.cryptowat.ch/pairs/omgeth","bitfinex","omgeth",TRUE,"https://api.cryptowat.ch/markets/bitfinex/omgeth",0.025476,6,0.025478,0.29,0.025411,58.6908,0.02548,1.4666336,0.025401,0.774393,0.0255,1.9903549
"109","btcsgd","btc","Bitcoin",FALSE,"https://api.cryptowat.ch/assets/btc","sgd","Singapore Dollar",TRUE,"https://api.cryptowat.ch/assets/sgd","https://api.cryptowat.ch/pairs/btcsgd","quoine","btcsgd",TRUE,"https://api.cryptowat.ch/markets/quoine/btcsgd",5937.5474,0.21989,5943.488,0.24635,5936,0.144,5955.554,0.64635,5929.26,0.24,5962.624,1.7389638
"110","btccny","btc","Bitcoin",FALSE,"https://api.cryptowat.ch/assets/btc","cny","Chinese yuan",TRUE,"https://api.cryptowat.ch/assets/cny","https://api.cryptowat.ch/pairs/btccny","quoine","btccny",TRUE,"https://api.cryptowat.ch/markets/quoine/btccny",26000,0.065863,33663.402,6.09776,24411.973,2.49304,33668.88,2.48,24395.277,1.8184,33676.6,0.4
"111","btccny","btc","Bitcoin",FALSE,"https://api.cryptowat.ch/assets/btc","cny","Chinese yuan",TRUE,"https://api.cryptowat.ch/assets/cny","https://api.cryptowat.ch/pairs/btccny","okcoin","btccny",TRUE,"https://api.cryptowat.ch/markets/okcoin/btccny",28983.01,0.068,28984,6.143,28983,0.225,28985.99,0.587,28931.1,0.07,28988,1.409
"112","btccny","btc","Bitcoin",FALSE,"https://api.cryptowat.ch/assets/btc","cny","Chinese yuan",TRUE,"https://api.cryptowat.ch/assets/cny","https://api.cryptowat.ch/pairs/btccny","btc-china","btccny",TRUE,"https://api.cryptowat.ch/markets/btc-china/btccny",29039,0.1077,29050,0.1,28880,0.01,29079.99,0.058,28860,0.0486,29089,0.0513
"113","btccny","btc","Bitcoin",FALSE,"https://api.cryptowat.ch/assets/btc","cny","Chinese yuan",TRUE,"https://api.cryptowat.ch/assets/cny","https://api.cryptowat.ch/pairs/btccny","huobi","btccny",TRUE,"https://api.cryptowat.ch/markets/huobi/btccny",NA,NA,NA,NA,NA,NA,NA,NA,NA,NA,NA,NA
"114","bcuusd","bcu","Bitcoin Unlimited Token",FALSE,"https://api.cryptowat.ch/assets/bcu","usd","United States dollar",TRUE,"https://api.cryptowat.ch/assets/usd","https://api.cryptowat.ch/pairs/bcuusd","bitfinex","bcuusd",TRUE,"https://api.cryptowat.ch/markets/bitfinex/bcuusd",473.1,0.1,507.99,0.06,472.01,1.4004171,508,1.0977753,472,0.2,509.53,0.3886
"115","ioteth","iot","IOTA",FALSE,"https://api.cryptowat.ch/assets/iot","eth","Ethereum",FALSE,"https://api.cryptowat.ch/assets/eth","https://api.cryptowat.ch/pairs/ioteth","bitfinex","ioteth",TRUE,"https://api.cryptowat.ch/markets/bitfinex/ioteth",0.0023341,10,0.0023598,3661.7844,0.002329,10,0.0023599,483.56168,0.002325,221.02135,0.00236,793.8807
"116","btccad","btc","Bitcoin",FALSE,"https://api.cryptowat.ch/assets/btc","cad","Canadian dollar",TRUE,"https://api.cryptowat.ch/assets/cad","https://api.cryptowat.ch/pairs/btccad","kraken","btccad",TRUE,"https://api.cryptowat.ch/markets/kraken/btccad",5437.699,1.745,5479.928,0.029,5437.698,0.003,5480,0.041,5437.697,0.004,5483.225,0.168
"117","btccad","btc","Bitcoin",FALSE,"https://api.cryptowat.ch/assets/btc","cad","Canadian dollar",TRUE,"https://api.cryptowat.ch/assets/cad","https://api.cryptowat.ch/pairs/btccad","vault-of-satoshi","btccad",FALSE,"https://api.cryptowat.ch/markets/vault-of-satoshi/btccad",NA,NA,NA,NA,NA,NA,NA,NA,NA,NA,NA,NA
"118","ethjpy","eth","Ethereum",FALSE,"https://api.cryptowat.ch/assets/eth","jpy","Japanese Yen",TRUE,"https://api.cryptowat.ch/assets/jpy","https://api.cryptowat.ch/pairs/ethjpy","kraken","ethjpy",TRUE,"https://api.cryptowat.ch/markets/kraken/ethjpy",38556.16,0.17,41027.496,0.8,38192.42,0.02,41027.5,2.084,37705,0.562,41200,10
"119","ethjpy","eth","Ethereum",FALSE,"https://api.cryptowat.ch/assets/eth","jpy","Japanese Yen",TRUE,"https://api.cryptowat.ch/assets/jpy","https://api.cryptowat.ch/pairs/ethjpy","quoine","ethjpy",TRUE,"https://api.cryptowat.ch/markets/quoine/ethjpy",37000.01,10,40000,0.5,37000,15.5,40499.99,10.5,36392.63,10,40500,10.85
"120","dashbtc","dash","Dash",FALSE,"https://api.cryptowat.ch/assets/dash","btc","Bitcoin",FALSE,"https://api.cryptowat.ch/assets/btc","https://api.cryptowat.ch/pairs/dashbtc","bitfinex","dashbtc",TRUE,"https://api.cryptowat.ch/markets/bitfinex/dashbtc",0.080612,24.53086,0.081019,60,0.080611,0.2628034,0.08102,53.375,0.080246,10,0.08103,57.424
"121","dashbtc","dash","Dash",FALSE,"https://api.cryptowat.ch/assets/dash","btc","Bitcoin",FALSE,"https://api.cryptowat.ch/assets/btc","https://api.cryptowat.ch/pairs/dashbtc","kraken","dashbtc",TRUE,"https://api.cryptowat.ch/markets/kraken/dashbtc",0.08204,0.038,0.082816,13.482,0.082,0.366,0.082817,63.544,0.081708,0.303,0.082818,5.717
"122","dashbtc","dash","Dash",FALSE,"https://api.cryptowat.ch/assets/dash","btc","Bitcoin",FALSE,"https://api.cryptowat.ch/assets/btc","https://api.cryptowat.ch/pairs/dashbtc","cryptsy","dashbtc",FALSE,"https://api.cryptowat.ch/markets/cryptsy/dashbtc",NA,NA,NA,NA,NA,NA,NA,NA,NA,NA,NA,NA
"123","dashbtc","dash","Dash",FALSE,"https://api.cryptowat.ch/assets/dash","btc","Bitcoin",FALSE,"https://api.cryptowat.ch/assets/btc","https://api.cryptowat.ch/pairs/dashbtc","poloniex","dashbtc",TRUE,"https://api.cryptowat.ch/markets/poloniex/dashbtc",0.08061793,1.5077122,0.08076988,0.19919176,0.08061792,19.485909,0.08079341,0.258,0.08061791,12.230511,0.08089949,10.130115
"124","bccbtc","bcc","Bitcoin Core Token",FALSE,"https://api.cryptowat.ch/assets/bcc","btc","Bitcoin",FALSE,"https://api.cryptowat.ch/assets/btc","https://api.cryptowat.ch/pairs/bccbtc","bitfinex","bccbtc",TRUE,"https://api.cryptowat.ch/markets/bitfinex/bccbtc",0.8401,0.05,0.9,2.241418,0.833,0.02,0.90352,0.01033885,0.82,0.01,0.91674,0.019
"125","ltcusd","ltc","Litecoin",FALSE,"https://api.cryptowat.ch/assets/ltc","usd","United States dollar",TRUE,"https://api.cryptowat.ch/assets/usd","https://api.cryptowat.ch/pairs/ltcusd","bitfinex","ltcusd",TRUE,"https://api.cryptowat.ch/markets/bitfinex/ltcusd",61.36,10,61.373,0.78443414,61.353,232,61.408,81.5719,61.303,4.072026,61.423,41.6
"126","ltcusd","ltc","Litecoin",FALSE,"https://api.cryptowat.ch/assets/ltc","usd","United States dollar",TRUE,"https://api.cryptowat.ch/assets/usd","https://api.cryptowat.ch/pairs/ltcusd","gdax","ltcusd",TRUE,"https://api.cryptowat.ch/markets/gdax/ltcusd",62.18,0.16720812,62.19,165.49167,62.17,0.71276,62.2,51,62.16,0.71287,62.23,7.0233603
"127","ltcusd","ltc","Litecoin",FALSE,"https://api.cryptowat.ch/assets/ltc","usd","United States dollar",TRUE,"https://api.cryptowat.ch/assets/usd","https://api.cryptowat.ch/pairs/ltcusd","bitstamp","ltcusd",TRUE,"https://api.cryptowat.ch/markets/bitstamp/ltcusd",61.51,6,61.52,14.86,61.37,6.7345,61.53,9.91,61.19,17.11,61.54,162.96188
"128","ltcusd","ltc","Litecoin",FALSE,"https://api.cryptowat.ch/assets/ltc","usd","United States dollar",TRUE,"https://api.cryptowat.ch/assets/usd","https://api.cryptowat.ch/pairs/ltcusd","kraken","ltcusd",TRUE,"https://api.cryptowat.ch/markets/kraken/ltcusd",61.5,688.202,61.6,128.29,61.482,0.6,61.80999,29.344,61.45,5.696,61.81,3
"129","ltcusd","ltc","Litecoin",FALSE,"https://api.cryptowat.ch/assets/ltc","usd","United States dollar",TRUE,"https://api.cryptowat.ch/assets/usd","https://api.cryptowat.ch/pairs/ltcusd","btce","ltcusd",FALSE,"https://api.cryptowat.ch/markets/btce/ltcusd",41.27954,20.661823,41.371407,7.616353,41.101,2,41.399986,12.54,41.1,104.66294,41.39999,49.22831
"130","ltcusd","ltc","Litecoin",FALSE,"https://api.cryptowat.ch/assets/ltc","usd","United States dollar",TRUE,"https://api.cryptowat.ch/assets/usd","https://api.cryptowat.ch/pairs/ltcusd","cryptsy","ltcusd",FALSE,"https://api.cryptowat.ch/markets/cryptsy/ltcusd",NA,NA,NA,NA,NA,NA,NA,NA,NA,NA,NA,NA
"131","ltcusd","ltc","Litecoin",FALSE,"https://api.cryptowat.ch/assets/ltc","usd","United States dollar",TRUE,"https://api.cryptowat.ch/assets/usd","https://api.cryptowat.ch/pairs/ltcusd","cexio","ltcusd",TRUE,"https://api.cryptowat.ch/markets/cexio/ltcusd",4.34,3.0361362,4.37,5.1576023,4.31,1.2,4.43,1.2,4.28,1.2,4.46,1.2
"132","ltcusd","ltc","Litecoin",FALSE,"https://api.cryptowat.ch/assets/ltc","usd","United States dollar",TRUE,"https://api.cryptowat.ch/assets/usd","https://api.cryptowat.ch/pairs/ltcusd","okcoin","ltcusd",TRUE,"https://api.cryptowat.ch/markets/okcoin/ltcusd",65.025,2,65.637,0.465,65,7.256,65.638,6,64.857,3,65.639,6
"133","ltcusd","ltc","Litecoin",FALSE,"https://api.cryptowat.ch/assets/ltc","usd","United States dollar",TRUE,"https://api.cryptowat.ch/assets/usd","https://api.cryptowat.ch/pairs/ltcusd","poloniex","ltcusd",TRUE,"https://api.cryptowat.ch/markets/poloniex/ltcusd",61.295,0.00473552,61.348,518.5894,61.27376,0.01022927,61.3672,1.1629361,61.273335,0.00473727,61.4,39.541954
"134","ethusd","eth","Ethereum",FALSE,"https://api.cryptowat.ch/assets/eth","usd","United States dollar",TRUE,"https://api.cryptowat.ch/assets/usd","https://api.cryptowat.ch/pairs/ethusd","bitfinex","ethusd",TRUE,"https://api.cryptowat.ch/markets/bitfinex/ethusd",361.03,1,361.36,0.8152818,361.01,0.5163,361.37,0.8452976,361,0.5289,361.38,2
"135","ethusd","eth","Ethereum",FALSE,"https://api.cryptowat.ch/assets/eth","usd","United States dollar",TRUE,"https://api.cryptowat.ch/assets/usd","https://api.cryptowat.ch/pairs/ethusd","gdax","ethusd",TRUE,"https://api.cryptowat.ch/markets/gdax/ethusd",361.75,1.1148841,361.78,0.05,361.68,0.05,361.79,0.2,361.64,0.28,361.8,11.85096
"136","ethusd","eth","Ethereum",FALSE,"https://api.cryptowat.ch/assets/eth","usd","United States dollar",TRUE,"https://api.cryptowat.ch/assets/usd","https://api.cryptowat.ch/pairs/ethusd","bitstamp","ethusd",TRUE,"https://api.cryptowat.ch/markets/bitstamp/ethusd",360.76,43.518,361.5,0.8203978,360.75,1,361.83,0.55274576,360.7,2.9,361.84,5.61
"137","ethusd","eth","Ethereum",FALSE,"https://api.cryptowat.ch/assets/eth","usd","United States dollar",TRUE,"https://api.cryptowat.ch/assets/usd","https://api.cryptowat.ch/pairs/ethusd","kraken","ethusd",TRUE,"https://api.cryptowat.ch/markets/kraken/ethusd",361.1001,2.191,361.59958,6.95,361.1,27.251,361.6,50,361.0401,5,361.7,6.267
"138","ethusd","eth","Ethereum",FALSE,"https://api.cryptowat.ch/assets/eth","usd","United States dollar",TRUE,"https://api.cryptowat.ch/assets/usd","https://api.cryptowat.ch/pairs/ethusd","btce","ethusd",FALSE,"https://api.cryptowat.ch/markets/btce/ethusd",204.8001,0.15,205.00008,0.13197438,204.76376,0.069839,205.081,0.112387,204.74434,0.508856,205.50099,2.359
"139","ethusd","eth","Ethereum",FALSE,"https://api.cryptowat.ch/assets/eth","usd","United States dollar",TRUE,"https://api.cryptowat.ch/assets/usd","https://api.cryptowat.ch/pairs/ethusd","cryptsy","ethusd",FALSE,"https://api.cryptowat.ch/markets/cryptsy/ethusd",NA,NA,NA,NA,NA,NA,NA,NA,NA,NA,NA,NA
"140","ethusd","eth","Ethereum",FALSE,"https://api.cryptowat.ch/assets/eth","usd","United States dollar",TRUE,"https://api.cryptowat.ch/assets/usd","https://api.cryptowat.ch/pairs/ethusd","gemini","ethusd",TRUE,"https://api.cryptowat.ch/markets/gemini/ethusd",360.46,19.3834,360.48,105.904,360.43,18.307,360.5,80.647,360.16,7.163159,361.48,103.0538
"141","ethusd","eth","Ethereum",FALSE,"https://api.cryptowat.ch/assets/eth","usd","United States dollar",TRUE,"https://api.cryptowat.ch/assets/usd","https://api.cryptowat.ch/pairs/ethusd","quoine","ethusd",TRUE,"https://api.cryptowat.ch/markets/quoine/ethusd",330.01,10,378.99,5.68,330,0.848705,379,2.7,324.58,10,380,3
"142","ethusd","eth","Ethereum",FALSE,"https://api.cryptowat.ch/assets/eth","usd","United States dollar",TRUE,"https://api.cryptowat.ch/assets/usd","https://api.cryptowat.ch/pairs/ethusd","poloniex","ethusd",TRUE,"https://api.cryptowat.ch/markets/poloniex/ethusd",360.5,18.039,361.36234,0.00927498,360.0033,0.00278695,361.8166,0.5426829,360.00043,2.3998244,362.05472,0.0084196
"143","ethkrw","eth","Ethereum",FALSE,"https://api.cryptowat.ch/assets/eth","krw","South Korean Won",TRUE,"https://api.cryptowat.ch/assets/krw","https://api.cryptowat.ch/pairs/ethkrw","bithumb","ethkrw",TRUE,"https://api.cryptowat.ch/markets/bithumb/ethkrw",402200,131.84674,402300,98.390594,401500,20,402950,57.900475,401450,10,403000,47.8514
"144","mlneth","mln","Melonport",FALSE,"https://api.cryptowat.ch/assets/mln","eth","Ethereum",FALSE,"https://api.cryptowat.ch/assets/eth","https://api.cryptowat.ch/pairs/mlneth","kraken","mlneth",TRUE,"https://api.cryptowat.ch/markets/kraken/mlneth",0.2162,3.079,0.22288,1.662,0.21574,10.017,0.22378,3.657,0.21572,0.249,0.22478,5
"145","repusd","rep","Augur",FALSE,"https://api.cryptowat.ch/assets/rep","usd","United States dollar",TRUE,"https://api.cryptowat.ch/assets/usd","https://api.cryptowat.ch/pairs/repusd","kraken","repusd",TRUE,"https://api.cryptowat.ch/markets/kraken/repusd",20.5,5,20.92238,4.185,20.4,24.01,20.97304,4.5,20.3,16.863,20.97859,4.5
"146","repusd","rep","Augur",FALSE,"https://api.cryptowat.ch/assets/rep","usd","United States dollar",TRUE,"https://api.cryptowat.ch/assets/usd","https://api.cryptowat.ch/pairs/repusd","poloniex","repusd",TRUE,"https://api.cryptowat.ch/markets/poloniex/repusd",25.074156,0.10828254,25.250599,9.908913,25,227.962,25.2506,0.17761841,24.99,0.01120598,25.26247,0.12242066
"147","btcphp","btc","Bitcoin",FALSE,"https://api.cryptowat.ch/assets/btc","php","Philippine Peso",TRUE,"https://api.cryptowat.ch/assets/php","https://api.cryptowat.ch/pairs/btcphp","quoine","btcphp",TRUE,"https://api.cryptowat.ch/markets/quoine/btcphp",188904.9,2.49304,251027.88,0.319,188775.64,1.8184,260604,6.09776,188673.45,1.6,260628.33,1.24832
"148","btccny-quarterly-futures","btc","Bitcoin",FALSE,"https://api.cryptowat.ch/assets/btc","cny","Chinese yuan",TRUE,"https://api.cryptowat.ch/assets/cny","https://api.cryptowat.ch/pairs/btccny-quarterly-futures","bitvc","btccny-quarterly-futures",TRUE,"https://api.cryptowat.ch/markets/bitvc/btccny-quarterly-futures",28951.01,0.5768,29076,0.0103,28950,1.0294,29077,0.1238,28920,0.083,29099,0.2749
"149","btcjpy-weekly-futures","btc","Bitcoin",FALSE,"https://api.cryptowat.ch/assets/btc","jpy","Japanese Yen",TRUE,"https://api.cryptowat.ch/assets/jpy","https://api.cryptowat.ch/pairs/btcjpy-weekly-futures","bitflyer","btcjpy-weekly-futures",TRUE,"https://api.cryptowat.ch/markets/bitflyer/btcjpy-weekly-futures",477200,9.9,478729,1,476120,8.5,478950,8.19,476040,7.61,478990,6
"150","btcusd-weekly-futures","btc","Bitcoin",FALSE,"https://api.cryptowat.ch/assets/btc","usd","United States dollar",TRUE,"https://api.cryptowat.ch/assets/usd","https://api.cryptowat.ch/pairs/btcusd-weekly-futures","okcoin","btcusd-weekly-futures",TRUE,"https://api.cryptowat.ch/markets/okcoin/btcusd-weekly-futures",4386.67,1,4386.69,1236,4384.4,6,4388,21,4384.39,53,4391.84,2
"151","btcusd-weekly-futures","btc","Bitcoin",FALSE,"https://api.cryptowat.ch/assets/btc","usd","United States dollar",TRUE,"https://api.cryptowat.ch/assets/usd","https://api.cryptowat.ch/pairs/btcusd-weekly-futures","796","btcusd-weekly-futures",FALSE,"https://api.cryptowat.ch/markets/796/btcusd-weekly-futures",NA,NA,NA,NA,NA,NA,NA,NA,NA,NA,NA,NA
"152","btcusd-biweekly-futures","btc","Bitcoin",FALSE,"https://api.cryptowat.ch/assets/btc","usd","United States dollar",TRUE,"https://api.cryptowat.ch/assets/usd","https://api.cryptowat.ch/pairs/btcusd-biweekly-futures","okcoin","btcusd-biweekly-futures",TRUE,"https://api.cryptowat.ch/markets/okcoin/btcusd-biweekly-futures",4372.45,20,4384.45,2,4372.41,4,4385.19,1,4372.4,1,4385.2,6
"153","xbt-monthly-futures","btc","Bitcoin",FALSE,"https://api.cryptowat.ch/assets/btc","usd","United States dollar",TRUE,"https://api.cryptowat.ch/assets/usd","https://api.cryptowat.ch/pairs/xbt-monthly-futures","bitmex","xbt-monthly-futures",TRUE,"https://api.cryptowat.ch/markets/bitmex/xbt-monthly-futures",278349,16000,278511,2400,278070,15000,278733,2400,277791,15000,278916,2400
"154","lskbtc","lsk","Lisk",FALSE,"https://api.cryptowat.ch/assets/lsk","btc","Bitcoin",FALSE,"https://api.cryptowat.ch/assets/btc","https://api.cryptowat.ch/pairs/lskbtc","poloniex","lskbtc",TRUE,"https://api.cryptowat.ch/markets/poloniex/lskbtc",NA,NA,NA,NA,NA,NA,NA,NA,NA,NA,NA,NA
"155","bfxusd","bfx","BFX",FALSE,"https://api.cryptowat.ch/assets/bfx","usd","United States dollar",TRUE,"https://api.cryptowat.ch/assets/usd","https://api.cryptowat.ch/pairs/bfxusd","bitfinex","bfxusd",TRUE,"https://api.cryptowat.ch/markets/bitfinex/bfxusd",NA,NA,NA,NA,NA,NA,NA,NA,NA,NA,NA,NA
"156","etceth","etc","Ethereum Classic",FALSE,"https://api.cryptowat.ch/assets/etc","eth","Ethereum",FALSE,"https://api.cryptowat.ch/assets/eth","https://api.cryptowat.ch/pairs/etceth","kraken","etceth",TRUE,"https://api.cryptowat.ch/markets/kraken/etceth",NA,NA,NA,NA,NA,NA,NA,NA,NA,NA,NA,NA
"157","etceth","etc","Ethereum Classic",FALSE,"https://api.cryptowat.ch/assets/etc","eth","Ethereum",FALSE,"https://api.cryptowat.ch/assets/eth","https://api.cryptowat.ch/pairs/etceth","poloniex","etceth",TRUE,"https://api.cryptowat.ch/markets/poloniex/etceth",NA,NA,NA,NA,NA,NA,NA,NA,NA,NA,NA,NA
"158","gnousd","gno","Gnosis",FALSE,"https://api.cryptowat.ch/assets/gno","usd","United States dollar",TRUE,"https://api.cryptowat.ch/assets/usd","https://api.cryptowat.ch/pairs/gnousd","kraken","gnousd",TRUE,"https://api.cryptowat.ch/markets/kraken/gnousd",NA,NA,NA,NA,NA,NA,NA,NA,NA,NA,NA,NA
"159","ethhkd","eth","Ethereum",FALSE,"https://api.cryptowat.ch/assets/eth","hkd","Hong Kong Dollar",TRUE,"https://api.cryptowat.ch/assets/hkd","https://api.cryptowat.ch/pairs/ethhkd","quoine","ethhkd",TRUE,"https://api.cryptowat.ch/markets/quoine/ethhkd",NA,NA,NA,NA,NA,NA,NA,NA,NA,NA,NA,NA
"160","dashkrw","dash","Dash",FALSE,"https://api.cryptowat.ch/assets/dash","krw","South Korean Won",TRUE,"https://api.cryptowat.ch/assets/krw","https://api.cryptowat.ch/pairs/dashkrw","bithumb","dashkrw",TRUE,"https://api.cryptowat.ch/markets/bithumb/dashkrw",NA,NA,NA,NA,NA,NA,NA,NA,NA,NA,NA,NA
"161","repeur","rep","Augur",FALSE,"https://api.cryptowat.ch/assets/rep","eur","euro",TRUE,"https://api.cryptowat.ch/assets/eur","https://api.cryptowat.ch/pairs/repeur","kraken","repeur",TRUE,"https://api.cryptowat.ch/markets/kraken/repeur",NA,NA,NA,NA,NA,NA,NA,NA,NA,NA,NA,NA
"162","strusd","str","Stellar",FALSE,"https://api.cryptowat.ch/assets/str","usd","United States dollar",TRUE,"https://api.cryptowat.ch/assets/usd","https://api.cryptowat.ch/pairs/strusd","kraken","strusd",TRUE,"https://api.cryptowat.ch/markets/kraken/strusd",NA,NA,NA,NA,NA,NA,NA,NA,NA,NA,NA,NA
"163","strusd","str","Stellar",FALSE,"https://api.cryptowat.ch/assets/str","usd","United States dollar",TRUE,"https://api.cryptowat.ch/assets/usd","https://api.cryptowat.ch/pairs/strusd","poloniex","strusd",TRUE,"https://api.cryptowat.ch/markets/poloniex/strusd",NA,NA,NA,NA,NA,NA,NA,NA,NA,NA,NA,NA
"164","btcaud","btc","Bitcoin",FALSE,"https://api.cryptowat.ch/assets/btc","aud","Australian Dollar",TRUE,"https://api.cryptowat.ch/assets/aud","https://api.cryptowat.ch/pairs/btcaud","quoine","btcaud",TRUE,"https://api.cryptowat.ch/markets/quoine/btcaud",NA,NA,NA,NA,NA,NA,NA,NA,NA,NA,NA,NA
"165","btcaud","btc","Bitcoin",FALSE,"https://api.cryptowat.ch/assets/btc","aud","Australian Dollar",TRUE,"https://api.cryptowat.ch/assets/aud","https://api.cryptowat.ch/pairs/btcaud","bitsquare","btcaud",TRUE,"https://api.cryptowat.ch/markets/bitsquare/btcaud",NA,NA,NA,NA,NA,NA,NA,NA,NA,NA,NA,NA
"166","ltccny","ltc","Litecoin",FALSE,"https://api.cryptowat.ch/assets/ltc","cny","Chinese yuan",TRUE,"https://api.cryptowat.ch/assets/cny","https://api.cryptowat.ch/pairs/ltccny","okcoin","ltccny",TRUE,"https://api.cryptowat.ch/markets/okcoin/ltccny",NA,NA,NA,NA,NA,NA,NA,NA,NA,NA,NA,NA
"167","ltccny","ltc","Litecoin",FALSE,"https://api.cryptowat.ch/assets/ltc","cny","Chinese yuan",TRUE,"https://api.cryptowat.ch/assets/cny","https://api.cryptowat.ch/pairs/ltccny","btc-china","ltccny",TRUE,"https://api.cryptowat.ch/markets/btc-china/ltccny",NA,NA,NA,NA,NA,NA,NA,NA,NA,NA,NA,NA
"168","ltccny","ltc","Litecoin",FALSE,"https://api.cryptowat.ch/assets/ltc","cny","Chinese yuan",TRUE,"https://api.cryptowat.ch/assets/cny","https://api.cryptowat.ch/pairs/ltccny","huobi","ltccny",TRUE,"https://api.cryptowat.ch/markets/huobi/ltccny",NA,NA,NA,NA,NA,NA,NA,NA,NA,NA,NA,NA
"169","xrpusd","xrp","Ripple",FALSE,"https://api.cryptowat.ch/assets/xrp","usd","United States dollar",TRUE,"https://api.cryptowat.ch/assets/usd","https://api.cryptowat.ch/pairs/xrpusd","bitfinex","xrpusd",TRUE,"https://api.cryptowat.ch/markets/bitfinex/xrpusd",NA,NA,NA,NA,NA,NA,NA,NA,NA,NA,NA,NA
"170","xrpusd","xrp","Ripple",FALSE,"https://api.cryptowat.ch/assets/xrp","usd","United States dollar",TRUE,"https://api.cryptowat.ch/assets/usd","https://api.cryptowat.ch/pairs/xrpusd","bitstamp","xrpusd",TRUE,"https://api.cryptowat.ch/markets/bitstamp/xrpusd",NA,NA,NA,NA,NA,NA,NA,NA,NA,NA,NA,NA
"171","xrpusd","xrp","Ripple",FALSE,"https://api.cryptowat.ch/assets/xrp","usd","United States dollar",TRUE,"https://api.cryptowat.ch/assets/usd","https://api.cryptowat.ch/pairs/xrpusd","kraken","xrpusd",TRUE,"https://api.cryptowat.ch/markets/kraken/xrpusd",NA,NA,NA,NA,NA,NA,NA,NA,NA,NA,NA,NA
"172","xrpusd","xrp","Ripple",FALSE,"https://api.cryptowat.ch/assets/xrp","usd","United States dollar",TRUE,"https://api.cryptowat.ch/assets/usd","https://api.cryptowat.ch/pairs/xrpusd","poloniex","xrpusd",TRUE,"https://api.cryptowat.ch/markets/poloniex/xrpusd",NA,NA,NA,NA,NA,NA,NA,NA,NA,NA,NA,NA
"173","btceur","btc","Bitcoin",FALSE,"https://api.cryptowat.ch/assets/btc","eur","euro",TRUE,"https://api.cryptowat.ch/assets/eur","https://api.cryptowat.ch/pairs/btceur","gdax","btceur",TRUE,"https://api.cryptowat.ch/markets/gdax/btceur",NA,NA,NA,NA,NA,NA,NA,NA,NA,NA,NA,NA
"174","btceur","btc","Bitcoin",FALSE,"https://api.cryptowat.ch/assets/btc","eur","euro",TRUE,"https://api.cryptowat.ch/assets/eur","https://api.cryptowat.ch/pairs/btceur","bitstamp","btceur",TRUE,"https://api.cryptowat.ch/markets/bitstamp/btceur",NA,NA,NA,NA,NA,NA,NA,NA,NA,NA,NA,NA
"175","btceur","btc","Bitcoin",FALSE,"https://api.cryptowat.ch/assets/btc","eur","euro",TRUE,"https://api.cryptowat.ch/assets/eur","https://api.cryptowat.ch/pairs/btceur","kraken","btceur",TRUE,"https://api.cryptowat.ch/markets/kraken/btceur",NA,NA,NA,NA,NA,NA,NA,NA,NA,NA,NA,NA
"176","btceur","btc","Bitcoin",FALSE,"https://api.cryptowat.ch/assets/btc","eur","euro",TRUE,"https://api.cryptowat.ch/assets/eur","https://api.cryptowat.ch/pairs/btceur","btce","btceur",FALSE,"https://api.cryptowat.ch/markets/btce/btceur",NA,NA,NA,NA,NA,NA,NA,NA,NA,NA,NA,NA
"177","btceur","btc","Bitcoin",FALSE,"https://api.cryptowat.ch/assets/btc","eur","euro",TRUE,"https://api.cryptowat.ch/assets/eur","https://api.cryptowat.ch/pairs/btceur","cryptsy","btceur",FALSE,"https://api.cryptowat.ch/markets/cryptsy/btceur",NA,NA,NA,NA,NA,NA,NA,NA,NA,NA,NA,NA
"178","btceur","btc","Bitcoin",FALSE,"https://api.cryptowat.ch/assets/btc","eur","euro",TRUE,"https://api.cryptowat.ch/assets/eur","https://api.cryptowat.ch/pairs/btceur","cexio","btceur",TRUE,"https://api.cryptowat.ch/markets/cexio/btceur",NA,NA,NA,NA,NA,NA,NA,NA,NA,NA,NA,NA
"179","btceur","btc","Bitcoin",FALSE,"https://api.cryptowat.ch/assets/btc","eur","euro",TRUE,"https://api.cryptowat.ch/assets/eur","https://api.cryptowat.ch/pairs/btceur","quoine","btceur",TRUE,"https://api.cryptowat.ch/markets/quoine/btceur",NA,NA,NA,NA,NA,NA,NA,NA,NA,NA,NA,NA
"180","btceur","btc","Bitcoin",FALSE,"https://api.cryptowat.ch/assets/btc","eur","euro",TRUE,"https://api.cryptowat.ch/assets/eur","https://api.cryptowat.ch/pairs/btceur","bitsquare","btceur",TRUE,"https://api.cryptowat.ch/markets/bitsquare/btceur",NA,NA,NA,NA,NA,NA,NA,NA,NA,NA,NA,NA
"181","eoseth","eos","EOS",FALSE,"https://api.cryptowat.ch/assets/eos","eth","Ethereum",FALSE,"https://api.cryptowat.ch/assets/eth","https://api.cryptowat.ch/pairs/eoseth","bitfinex","eoseth",TRUE,"https://api.cryptowat.ch/markets/bitfinex/eoseth",NA,NA,NA,NA,NA,NA,NA,NA,NA,NA,NA,NA
"182","eoseth","eos","EOS",FALSE,"https://api.cryptowat.ch/assets/eos","eth","Ethereum",FALSE,"https://api.cryptowat.ch/assets/eth","https://api.cryptowat.ch/pairs/eoseth","kraken","eoseth",TRUE,"https://api.cryptowat.ch/markets/kraken/eoseth",NA,NA,NA,NA,NA,NA,NA,NA,NA,NA,NA,NA
"183","ethcad","eth","Ethereum",FALSE,"https://api.cryptowat.ch/assets/eth","cad","Canadian dollar",TRUE,"https://api.cryptowat.ch/assets/cad","https://api.cryptowat.ch/pairs/ethcad","kraken","ethcad",TRUE,"https://api.cryptowat.ch/markets/kraken/ethcad",NA,NA,NA,NA,NA,NA,NA,NA,NA,NA,NA,NA
"184","ltcusd-weekly-futures","ltc","Litecoin",FALSE,"https://api.cryptowat.ch/assets/ltc","usd","United States dollar",TRUE,"https://api.cryptowat.ch/assets/usd","https://api.cryptowat.ch/pairs/ltcusd-weekly-futures","okcoin","ltcusd-weekly-futures",TRUE,"https://api.cryptowat.ch/markets/okcoin/ltcusd-weekly-futures",NA,NA,NA,NA,NA,NA,NA,NA,NA,NA,NA,NA
"185","ltcusd-weekly-futures","ltc","Litecoin",FALSE,"https://api.cryptowat.ch/assets/ltc","usd","United States dollar",TRUE,"https://api.cryptowat.ch/assets/usd","https://api.cryptowat.ch/pairs/ltcusd-weekly-futures","796","ltcusd-weekly-futures",FALSE,"https://api.cryptowat.ch/markets/796/ltcusd-weekly-futures",NA,NA,NA,NA,NA,NA,NA,NA,NA,NA,NA,NA
"186","bcubtc","bcu","Bitcoin Unlimited Token",FALSE,"https://api.cryptowat.ch/assets/bcu","btc","Bitcoin",FALSE,"https://api.cryptowat.ch/assets/btc","https://api.cryptowat.ch/pairs/bcubtc","bitfinex","bcubtc",TRUE,"https://api.cryptowat.ch/markets/bitfinex/bcubtc",NA,NA,NA,NA,NA,NA,NA,NA,NA,NA,NA,NA
"187","xrpbtc","xrp","Ripple",FALSE,"https://api.cryptowat.ch/assets/xrp","btc","Bitcoin",FALSE,"https://api.cryptowat.ch/assets/btc","https://api.cryptowat.ch/pairs/xrpbtc","bitfinex","xrpbtc",TRUE,"https://api.cryptowat.ch/markets/bitfinex/xrpbtc",NA,NA,NA,NA,NA,NA,NA,NA,NA,NA,NA,NA
"188","xrpbtc","xrp","Ripple",FALSE,"https://api.cryptowat.ch/assets/xrp","btc","Bitcoin",FALSE,"https://api.cryptowat.ch/assets/btc","https://api.cryptowat.ch/pairs/xrpbtc","bitstamp","xrpbtc",TRUE,"https://api.cryptowat.ch/markets/bitstamp/xrpbtc",NA,NA,NA,NA,NA,NA,NA,NA,NA,NA,NA,NA
"189","xrpbtc","xrp","Ripple",FALSE,"https://api.cryptowat.ch/assets/xrp","btc","Bitcoin",FALSE,"https://api.cryptowat.ch/assets/btc","https://api.cryptowat.ch/pairs/xrpbtc","kraken","xrpbtc",TRUE,"https://api.cryptowat.ch/markets/kraken/xrpbtc",NA,NA,NA,NA,NA,NA,NA,NA,NA,NA,NA,NA
"190","xrpbtc","xrp","Ripple",FALSE,"https://api.cryptowat.ch/assets/xrp","btc","Bitcoin",FALSE,"https://api.cryptowat.ch/assets/btc","https://api.cryptowat.ch/pairs/xrpbtc","qryptos","xrpbtc",TRUE,"https://api.cryptowat.ch/markets/qryptos/xrpbtc",NA,NA,NA,NA,NA,NA,NA,NA,NA,NA,NA,NA
"191","xrpbtc","xrp","Ripple",FALSE,"https://api.cryptowat.ch/assets/xrp","btc","Bitcoin",FALSE,"https://api.cryptowat.ch/assets/btc","https://api.cryptowat.ch/pairs/xrpbtc","poloniex","xrpbtc",TRUE,"https://api.cryptowat.ch/markets/poloniex/xrpbtc",NA,NA,NA,NA,NA,NA,NA,NA,NA,NA,NA,NA
"192","xrpkrw","xrp","Ripple",FALSE,"https://api.cryptowat.ch/assets/xrp","krw","South Korean Won",TRUE,"https://api.cryptowat.ch/assets/krw","https://api.cryptowat.ch/pairs/xrpkrw","bithumb","xrpkrw",TRUE,"https://api.cryptowat.ch/markets/bithumb/xrpkrw",NA,NA,NA,NA,NA,NA,NA,NA,NA,NA,NA,NA
"193","gnobtc","gno","Gnosis",FALSE,"https://api.cryptowat.ch/assets/gno","btc","Bitcoin",FALSE,"https://api.cryptowat.ch/assets/btc","https://api.cryptowat.ch/pairs/gnobtc","kraken","gnobtc",TRUE,"https://api.cryptowat.ch/markets/kraken/gnobtc",NA,NA,NA,NA,NA,NA,NA,NA,NA,NA,NA,NA
"194","gnobtc","gno","Gnosis",FALSE,"https://api.cryptowat.ch/assets/gno","btc","Bitcoin",FALSE,"https://api.cryptowat.ch/assets/btc","https://api.cryptowat.ch/pairs/gnobtc","poloniex","gnobtc",TRUE,"https://api.cryptowat.ch/markets/poloniex/gnobtc",NA,NA,NA,NA,NA,NA,NA,NA,NA,NA,NA,NA
"195","gnoeth","gno","Gnosis",FALSE,"https://api.cryptowat.ch/assets/gno","eth","Ethereum",FALSE,"https://api.cryptowat.ch/assets/eth","https://api.cryptowat.ch/pairs/gnoeth","kraken","gnoeth",TRUE,"https://api.cryptowat.ch/markets/kraken/gnoeth",NA,NA,NA,NA,NA,NA,NA,NA,NA,NA,NA,NA
"196","gnoeth","gno","Gnosis",FALSE,"https://api.cryptowat.ch/assets/gno","eth","Ethereum",FALSE,"https://api.cryptowat.ch/assets/eth","https://api.cryptowat.ch/pairs/gnoeth","poloniex","gnoeth",TRUE,"https://api.cryptowat.ch/markets/poloniex/gnoeth",NA,NA,NA,NA,NA,NA,NA,NA,NA,NA,NA,NA
"197","zeceur","zec","ZEC",FALSE,"https://api.cryptowat.ch/assets/zec","eur","euro",TRUE,"https://api.cryptowat.ch/assets/eur","https://api.cryptowat.ch/pairs/zeceur","kraken","zeceur",TRUE,"https://api.cryptowat.ch/markets/kraken/zeceur",NA,NA,NA,NA,NA,NA,NA,NA,NA,NA,NA,NA
"198","bchsgd","bch","Bitcoin Cash",FALSE,"https://api.cryptowat.ch/assets/bch","sgd","Singapore Dollar",TRUE,"https://api.cryptowat.ch/assets/sgd","https://api.cryptowat.ch/pairs/bchsgd","quoine","bchsgd",TRUE,"https://api.cryptowat.ch/markets/quoine/bchsgd",NA,NA,NA,NA,NA,NA,NA,NA,NA,NA,NA,NA
"199","mlnbtc","mln","Melonport",FALSE,"https://api.cryptowat.ch/assets/mln","btc","Bitcoin",FALSE,"https://api.cryptowat.ch/assets/btc","https://api.cryptowat.ch/pairs/mlnbtc","kraken","mlnbtc",TRUE,"https://api.cryptowat.ch/markets/kraken/mlnbtc",NA,NA,NA,NA,NA,NA,NA,NA,NA,NA,NA,NA
"200","repeth","rep","Augur",FALSE,"https://api.cryptowat.ch/assets/rep","eth","Ethereum",FALSE,"https://api.cryptowat.ch/assets/eth","https://api.cryptowat.ch/pairs/repeth","kraken","repeth",TRUE,"https://api.cryptowat.ch/markets/kraken/repeth",NA,NA,NA,NA,NA,NA,NA,NA,NA,NA,NA,NA
"201","repeth","rep","Augur",FALSE,"https://api.cryptowat.ch/assets/rep","eth","Ethereum",FALSE,"https://api.cryptowat.ch/assets/eth","https://api.cryptowat.ch/pairs/repeth","poloniex","repeth",TRUE,"https://api.cryptowat.ch/markets/poloniex/repeth",NA,NA,NA,NA,NA,NA,NA,NA,NA,NA,NA,NA
"202","nxtxmr","nxt","NXT",FALSE,"https://api.cryptowat.ch/assets/nxt","xmr","Monero",FALSE,"https://api.cryptowat.ch/assets/xmr","https://api.cryptowat.ch/pairs/nxtxmr","poloniex","nxtxmr",TRUE,"https://api.cryptowat.ch/markets/poloniex/nxtxmr",NA,NA,NA,NA,NA,NA,NA,NA,NA,NA,NA,NA
"203","ethcny","eth","Ethereum",FALSE,"https://api.cryptowat.ch/assets/eth","cny","Chinese yuan",TRUE,"https://api.cryptowat.ch/assets/cny","https://api.cryptowat.ch/pairs/ethcny","quoine","ethcny",TRUE,"https://api.cryptowat.ch/markets/quoine/ethcny",NA,NA,NA,NA,NA,NA,NA,NA,NA,NA,NA,NA
"204","ethcny","eth","Ethereum",FALSE,"https://api.cryptowat.ch/assets/eth","cny","Chinese yuan",TRUE,"https://api.cryptowat.ch/assets/cny","https://api.cryptowat.ch/pairs/ethcny","huobi","ethcny",FALSE,"https://api.cryptowat.ch/markets/huobi/ethcny",NA,NA,NA,NA,NA,NA,NA,NA,NA,NA,NA,NA
"205","omgbtc","omg","OmiseGo",FALSE,"https://api.cryptowat.ch/assets/omg","btc","Bitcoin",FALSE,"https://api.cryptowat.ch/assets/btc","https://api.cryptowat.ch/pairs/omgbtc","bitfinex","omgbtc",TRUE,"https://api.cryptowat.ch/markets/bitfinex/omgbtc",NA,NA,NA,NA,NA,NA,NA,NA,NA,NA,NA,NA
"206","dashusd","dash","Dash",FALSE,"https://api.cryptowat.ch/assets/dash","usd","United States dollar",TRUE,"https://api.cryptowat.ch/assets/usd","https://api.cryptowat.ch/pairs/dashusd","bitfinex","dashusd",TRUE,"https://api.cryptowat.ch/markets/bitfinex/dashusd",NA,NA,NA,NA,NA,NA,NA,NA,NA,NA,NA,NA
"207","dashusd","dash","Dash",FALSE,"https://api.cryptowat.ch/assets/dash","usd","United States dollar",TRUE,"https://api.cryptowat.ch/assets/usd","https://api.cryptowat.ch/pairs/dashusd","kraken","dashusd",TRUE,"https://api.cryptowat.ch/markets/kraken/dashusd",NA,NA,NA,NA,NA,NA,NA,NA,NA,NA,NA,NA
"208","dashusd","dash","Dash",FALSE,"https://api.cryptowat.ch/assets/dash","usd","United States dollar",TRUE,"https://api.cryptowat.ch/assets/usd","https://api.cryptowat.ch/pairs/dashusd","cryptsy","dashusd",FALSE,"https://api.cryptowat.ch/markets/cryptsy/dashusd",NA,NA,NA,NA,NA,NA,NA,NA,NA,NA,NA,NA
"209","dashusd","dash","Dash",FALSE,"https://api.cryptowat.ch/assets/dash","usd","United States dollar",TRUE,"https://api.cryptowat.ch/assets/usd","https://api.cryptowat.ch/pairs/dashusd","poloniex","dashusd",TRUE,"https://api.cryptowat.ch/markets/poloniex/dashusd",NA,NA,NA,NA,NA,NA,NA,NA,NA,NA,NA,NA
"210","eoseur","eos","EOS",FALSE,"https://api.cryptowat.ch/assets/eos","eur","euro",TRUE,"https://api.cryptowat.ch/assets/eur","https://api.cryptowat.ch/pairs/eoseur","kraken","eoseur",TRUE,"https://api.cryptowat.ch/markets/kraken/eoseur",NA,NA,NA,NA,NA,NA,NA,NA,NA,NA,NA,NA
"211","xrpcad","xrp","Ripple",FALSE,"https://api.cryptowat.ch/assets/xrp","cad","Canadian dollar",TRUE,"https://api.cryptowat.ch/assets/cad","https://api.cryptowat.ch/pairs/xrpcad","kraken","xrpcad",TRUE,"https://api.cryptowat.ch/markets/kraken/xrpcad",NA,NA,NA,NA,NA,NA,NA,NA,NA,NA,NA,NA
"212","iotbtc","iot","IOTA",FALSE,"https://api.cryptowat.ch/assets/iot","btc","Bitcoin",FALSE,"https://api.cryptowat.ch/assets/btc","https://api.cryptowat.ch/pairs/iotbtc","bitfinex","iotbtc",TRUE,"https://api.cryptowat.ch/markets/bitfinex/iotbtc",NA,NA,NA,NA,NA,NA,NA,NA,NA,NA,NA,NA
"213","xmreur","xmr","Monero",FALSE,"https://api.cryptowat.ch/assets/xmr","eur","euro",TRUE,"https://api.cryptowat.ch/assets/eur","https://api.cryptowat.ch/pairs/xmreur","kraken","xmreur",TRUE,"https://api.cryptowat.ch/markets/kraken/xmreur",NA,NA,NA,NA,NA,NA,NA,NA,NA,NA,NA,NA
"214","ppcusd","ppc","Peercoin",FALSE,"https://api.cryptowat.ch/assets/ppc","usd","United States dollar",TRUE,"https://api.cryptowat.ch/assets/usd","https://api.cryptowat.ch/pairs/ppcusd","btce","ppcusd",FALSE,"https://api.cryptowat.ch/markets/btce/ppcusd",NA,NA,NA,NA,NA,NA,NA,NA,NA,NA,NA,NA
"215","btczar","btc","Bitcoin",FALSE,"https://api.cryptowat.ch/assets/btc","zar","South African rand",TRUE,"https://api.cryptowat.ch/assets/zar","https://api.cryptowat.ch/pairs/btczar","luno","btczar",TRUE,"https://api.cryptowat.ch/markets/luno/btczar",NA,NA,NA,NA,NA,NA,NA,NA,NA,NA,NA,NA
"216","sdcbtc","sdc","ShadowCoin",FALSE,"https://api.cryptowat.ch/assets/sdc","btc","Bitcoin",FALSE,"https://api.cryptowat.ch/assets/btc","https://api.cryptowat.ch/pairs/sdcbtc","poloniex","sdcbtc",TRUE,"https://api.cryptowat.ch/markets/poloniex/sdcbtc",NA,NA,NA,NA,NA,NA,NA,NA,NA,NA,NA,NA
"217","zeceth","zec","ZEC",FALSE,"https://api.cryptowat.ch/assets/zec","eth","Ethereum",FALSE,"https://api.cryptowat.ch/assets/eth","https://api.cryptowat.ch/pairs/zeceth","poloniex","zeceth",TRUE,"https://api.cryptowat.ch/markets/poloniex/zeceth",NA,NA,NA,NA,NA,NA,NA,NA,NA,NA,NA,NA
"218","zecusd","zec","ZEC",FALSE,"https://api.cryptowat.ch/assets/zec","usd","United States dollar",TRUE,"https://api.cryptowat.ch/assets/usd","https://api.cryptowat.ch/pairs/zecusd","bitfinex","zecusd",TRUE,"https://api.cryptowat.ch/markets/bitfinex/zecusd",NA,NA,NA,NA,NA,NA,NA,NA,NA,NA,NA,NA
"219","zecusd","zec","ZEC",FALSE,"https://api.cryptowat.ch/assets/zec","usd","United States dollar",TRUE,"https://api.cryptowat.ch/assets/usd","https://api.cryptowat.ch/pairs/zecusd","kraken","zecusd",TRUE,"https://api.cryptowat.ch/markets/kraken/zecusd",NA,NA,NA,NA,NA,NA,NA,NA,NA,NA,NA,NA
"220","zecusd","zec","ZEC",FALSE,"https://api.cryptowat.ch/assets/zec","usd","United States dollar",TRUE,"https://api.cryptowat.ch/assets/usd","https://api.cryptowat.ch/pairs/zecusd","poloniex","zecusd",TRUE,"https://api.cryptowat.ch/markets/poloniex/zecusd",NA,NA,NA,NA,NA,NA,NA,NA,NA,NA,NA,NA
"221","ltceur","ltc","Litecoin",FALSE,"https://api.cryptowat.ch/assets/ltc","eur","euro",TRUE,"https://api.cryptowat.ch/assets/eur","https://api.cryptowat.ch/pairs/ltceur","gdax","ltceur",TRUE,"https://api.cryptowat.ch/markets/gdax/ltceur",NA,NA,NA,NA,NA,NA,NA,NA,NA,NA,NA,NA
"222","ltceur","ltc","Litecoin",FALSE,"https://api.cryptowat.ch/assets/ltc","eur","euro",TRUE,"https://api.cryptowat.ch/assets/eur","https://api.cryptowat.ch/pairs/ltceur","bitstamp","ltceur",TRUE,"https://api.cryptowat.ch/markets/bitstamp/ltceur",NA,NA,NA,NA,NA,NA,NA,NA,NA,NA,NA,NA
"223","ltceur","ltc","Litecoin",FALSE,"https://api.cryptowat.ch/assets/ltc","eur","euro",TRUE,"https://api.cryptowat.ch/assets/eur","https://api.cryptowat.ch/pairs/ltceur","kraken","ltceur",TRUE,"https://api.cryptowat.ch/markets/kraken/ltceur",NA,NA,NA,NA,NA,NA,NA,NA,NA,NA,NA,NA
"224","streur","str","Stellar",FALSE,"https://api.cryptowat.ch/assets/str","eur","euro",TRUE,"https://api.cryptowat.ch/assets/eur","https://api.cryptowat.ch/pairs/streur","kraken","streur",TRUE,"https://api.cryptowat.ch/markets/kraken/streur",NA,NA,NA,NA,NA,NA,NA,NA,NA,NA,NA,NA
"225","ethsgd","eth","Ethereum",FALSE,"https://api.cryptowat.ch/assets/eth","sgd","Singapore Dollar",TRUE,"https://api.cryptowat.ch/assets/sgd","https://api.cryptowat.ch/pairs/ethsgd","quoine","ethsgd",TRUE,"https://api.cryptowat.ch/markets/quoine/ethsgd",NA,NA,NA,NA,NA,NA,NA,NA,NA,NA,NA,NA
"226","eosusd","eos","EOS",FALSE,"https://api.cryptowat.ch/assets/eos","usd","United States dollar",TRUE,"https://api.cryptowat.ch/assets/usd","https://api.cryptowat.ch/pairs/eosusd","bitfinex","eosusd",TRUE,"https://api.cryptowat.ch/markets/bitfinex/eosusd",NA,NA,NA,NA,NA,NA,NA,NA,NA,NA,NA,NA
"227","eosusd","eos","EOS",FALSE,"https://api.cryptowat.ch/assets/eos","usd","United States dollar",TRUE,"https://api.cryptowat.ch/assets/usd","https://api.cryptowat.ch/pairs/eosusd","kraken","eosusd",TRUE,"https://api.cryptowat.ch/markets/kraken/eosusd",NA,NA,NA,NA,NA,NA,NA,NA,NA,NA,NA,NA
"228","bcheur","bch","Bitcoin Cash",FALSE,"https://api.cryptowat.ch/assets/bch","eur","euro",TRUE,"https://api.cryptowat.ch/assets/eur","https://api.cryptowat.ch/pairs/bcheur","kraken","bcheur",TRUE,"https://api.cryptowat.ch/markets/kraken/bcheur",NA,NA,NA,NA,NA,NA,NA,NA,NA,NA,NA,NA
"229","btcrur","btc","Bitcoin",FALSE,"https://api.cryptowat.ch/assets/btc","rur","Russian Ruble",TRUE,"https://api.cryptowat.ch/assets/rur","https://api.cryptowat.ch/pairs/btcrur","btce","btcrur",FALSE,"https://api.cryptowat.ch/markets/btce/btcrur",NA,NA,NA,NA,NA,NA,NA,NA,NA,NA,NA,NA
"230","etccny","etc","Ethereum Classic",FALSE,"https://api.cryptowat.ch/assets/etc","cny","Chinese yuan",TRUE,"https://api.cryptowat.ch/assets/cny","https://api.cryptowat.ch/pairs/etccny","huobi","etccny",FALSE,"https://api.cryptowat.ch/markets/huobi/etccny",NA,NA,NA,NA,NA,NA,NA,NA,NA,NA,NA,NA
"231","xmrusd","xmr","Monero",FALSE,"https://api.cryptowat.ch/assets/xmr","usd","United States dollar",TRUE,"https://api.cryptowat.ch/assets/usd","https://api.cryptowat.ch/pairs/xmrusd","bitfinex","xmrusd",TRUE,"https://api.cryptowat.ch/markets/bitfinex/xmrusd",NA,NA,NA,NA,NA,NA,NA,NA,NA,NA,NA,NA
"232","xmrusd","xmr","Monero",FALSE,"https://api.cryptowat.ch/assets/xmr","usd","United States dollar",TRUE,"https://api.cryptowat.ch/assets/usd","https://api.cryptowat.ch/pairs/xmrusd","kraken","xmrusd",TRUE,"https://api.cryptowat.ch/markets/kraken/xmrusd",NA,NA,NA,NA,NA,NA,NA,NA,NA,NA,NA,NA
"233","xmrusd","xmr","Monero",FALSE,"https://api.cryptowat.ch/assets/xmr","usd","United States dollar",TRUE,"https://api.cryptowat.ch/assets/usd","https://api.cryptowat.ch/pairs/xmrusd","poloniex","xmrusd",TRUE,"https://api.cryptowat.ch/markets/poloniex/xmrusd",NA,NA,NA,NA,NA,NA,NA,NA,NA,NA,NA,NA
"234","ltccad","ltc","Litecoin",FALSE,"https://api.cryptowat.ch/assets/ltc","cad","Canadian dollar",TRUE,"https://api.cryptowat.ch/assets/cad","https://api.cryptowat.ch/pairs/ltccad","kraken","ltccad",TRUE,"https://api.cryptowat.ch/markets/kraken/ltccad",NA,NA,NA,NA,NA,NA,NA,NA,NA,NA,NA,NA
"235","ltccad","ltc","Litecoin",FALSE,"https://api.cryptowat.ch/assets/ltc","cad","Canadian dollar",TRUE,"https://api.cryptowat.ch/assets/cad","https://api.cryptowat.ch/pairs/ltccad","vault-of-satoshi","ltccad",FALSE,"https://api.cryptowat.ch/markets/vault-of-satoshi/ltccad",NA,NA,NA,NA,NA,NA,NA,NA,NA,NA,NA,NA
"236","ltcusd-quarterly-futures","ltc","Litecoin",FALSE,"https://api.cryptowat.ch/assets/ltc","usd","United States dollar",TRUE,"https://api.cryptowat.ch/assets/usd","https://api.cryptowat.ch/pairs/ltcusd-quarterly-futures","okcoin","ltcusd-quarterly-futures",TRUE,"https://api.cryptowat.ch/markets/okcoin/ltcusd-quarterly-futures",NA,NA,NA,NA,NA,NA,NA,NA,NA,NA,NA,NA
"237","btcjpy","btc","Bitcoin",FALSE,"https://api.cryptowat.ch/assets/btc","jpy","Japanese Yen",TRUE,"https://api.cryptowat.ch/assets/jpy","https://api.cryptowat.ch/pairs/btcjpy","kraken","btcjpy",TRUE,"https://api.cryptowat.ch/markets/kraken/btcjpy",NA,NA,NA,NA,NA,NA,NA,NA,NA,NA,NA,NA
"238","btcjpy","btc","Bitcoin",FALSE,"https://api.cryptowat.ch/assets/btc","jpy","Japanese Yen",TRUE,"https://api.cryptowat.ch/assets/jpy","https://api.cryptowat.ch/pairs/btcjpy","quoine","btcjpy",TRUE,"https://api.cryptowat.ch/markets/quoine/btcjpy",NA,NA,NA,NA,NA,NA,NA,NA,NA,NA,NA,NA
"239","btcjpy","btc","Bitcoin",FALSE,"https://api.cryptowat.ch/assets/btc","jpy","Japanese Yen",TRUE,"https://api.cryptowat.ch/assets/jpy","https://api.cryptowat.ch/pairs/btcjpy","bitflyer","btcjpy",TRUE,"https://api.cryptowat.ch/markets/bitflyer/btcjpy",NA,NA,NA,NA,NA,NA,NA,NA,NA,NA,NA,NA
"240","ltckrw","ltc","Litecoin",FALSE,"https://api.cryptowat.ch/assets/ltc","krw","South Korean Won",TRUE,"https://api.cryptowat.ch/assets/krw","https://api.cryptowat.ch/pairs/ltckrw","bithumb","ltckrw",TRUE,"https://api.cryptowat.ch/markets/bithumb/ltckrw",NA,NA,NA,NA,NA,NA,NA,NA,NA,NA,NA,NA
"241","ethltc","eth","Ethereum",FALSE,"https://api.cryptowat.ch/assets/eth","ltc","Litecoin",FALSE,"https://api.cryptowat.ch/assets/ltc","https://api.cryptowat.ch/pairs/ethltc","btce","ethltc",FALSE,"https://api.cryptowat.ch/markets/btce/ethltc",NA,NA,NA,NA,NA,NA,NA,NA,NA,NA,NA,NA
"242","btcidr","btc","Bitcoin",FALSE,"https://api.cryptowat.ch/assets/btc","idr","Indonesian Rupiah",TRUE,"https://api.cryptowat.ch/assets/idr","https://api.cryptowat.ch/pairs/btcidr","quoine","btcidr",TRUE,"https://api.cryptowat.ch/markets/quoine/btcidr",NA,NA,NA,NA,NA,NA,NA,NA,NA,NA,NA,NA
"243","etcusd","etc","Ethereum Classic",FALSE,"https://api.cryptowat.ch/assets/etc","usd","United States dollar",TRUE,"https://api.cryptowat.ch/assets/usd","https://api.cryptowat.ch/pairs/etcusd","bitfinex","etcusd",TRUE,"https://api.cryptowat.ch/markets/bitfinex/etcusd",NA,NA,NA,NA,NA,NA,NA,NA,NA,NA,NA,NA
"244","etcusd","etc","Ethereum Classic",FALSE,"https://api.cryptowat.ch/assets/etc","usd","United States dollar",TRUE,"https://api.cryptowat.ch/assets/usd","https://api.cryptowat.ch/pairs/etcusd","kraken","etcusd",TRUE,"https://api.cryptowat.ch/markets/kraken/etcusd",NA,NA,NA,NA,NA,NA,NA,NA,NA,NA,NA,NA
"245","etcusd","etc","Ethereum Classic",FALSE,"https://api.cryptowat.ch/assets/etc","usd","United States dollar",TRUE,"https://api.cryptowat.ch/assets/usd","https://api.cryptowat.ch/pairs/etcusd","poloniex","etcusd",TRUE,"https://api.cryptowat.ch/markets/poloniex/etcusd",NA,NA,NA,NA,NA,NA,NA,NA,NA,NA,NA,NA
"246","eosbtc","eos","EOS",FALSE,"https://api.cryptowat.ch/assets/eos","btc","Bitcoin",FALSE,"https://api.cryptowat.ch/assets/btc","https://api.cryptowat.ch/pairs/eosbtc","bitfinex","eosbtc",TRUE,"https://api.cryptowat.ch/markets/bitfinex/eosbtc",NA,NA,NA,NA,NA,NA,NA,NA,NA,NA,NA,NA
"247","eosbtc","eos","EOS",FALSE,"https://api.cryptowat.ch/assets/eos","btc","Bitcoin",FALSE,"https://api.cryptowat.ch/assets/btc","https://api.cryptowat.ch/pairs/eosbtc","kraken","eosbtc",TRUE,"https://api.cryptowat.ch/markets/kraken/eosbtc",NA,NA,NA,NA,NA,NA,NA,NA,NA,NA,NA,NA
"248","icnbtc","icn","Iconomi",FALSE,"https://api.cryptowat.ch/assets/icn","btc","Bitcoin",FALSE,"https://api.cryptowat.ch/assets/btc","https://api.cryptowat.ch/pairs/icnbtc","kraken","icnbtc",TRUE,"https://api.cryptowat.ch/markets/kraken/icnbtc",NA,NA,NA,NA,NA,NA,NA,NA,NA,NA,NA,NA
"249","strbtc","str","Stellar",FALSE,"https://api.cryptowat.ch/assets/str","btc","Bitcoin",FALSE,"https://api.cryptowat.ch/assets/btc","https://api.cryptowat.ch/pairs/strbtc","kraken","strbtc",TRUE,"https://api.cryptowat.ch/markets/kraken/strbtc",NA,NA,NA,NA,NA,NA,NA,NA,NA,NA,NA,NA
"250","strbtc","str","Stellar",FALSE,"https://api.cryptowat.ch/assets/str","btc","Bitcoin",FALSE,"https://api.cryptowat.ch/assets/btc","https://api.cryptowat.ch/pairs/strbtc","poloniex","strbtc",TRUE,"https://api.cryptowat.ch/markets/poloniex/strbtc",NA,NA,NA,NA,NA,NA,NA,NA,NA,NA,NA,NA
"251","zecjpy","zec","ZEC",FALSE,"https://api.cryptowat.ch/assets/zec","jpy","Japanese Yen",TRUE,"https://api.cryptowat.ch/assets/jpy","https://api.cryptowat.ch/pairs/zecjpy","kraken","zecjpy",TRUE,"https://api.cryptowat.ch/markets/kraken/zecjpy",NA,NA,NA,NA,NA,NA,NA,NA,NA,NA,NA,NA
"252","btccny-weekly-futures","btc","Bitcoin",FALSE,"https://api.cryptowat.ch/assets/btc","cny","Chinese yuan",TRUE,"https://api.cryptowat.ch/assets/cny","https://api.cryptowat.ch/pairs/btccny-weekly-futures","bitvc","btccny-weekly-futures",TRUE,"https://api.cryptowat.ch/markets/bitvc/btccny-weekly-futures",NA,NA,NA,NA,NA,NA,NA,NA,NA,NA,NA,NA
"253","btcfxjpy","btc","Bitcoin",FALSE,"https://api.cryptowat.ch/assets/btc","jpy","Japanese Yen",TRUE,"https://api.cryptowat.ch/assets/jpy","https://api.cryptowat.ch/pairs/btcfxjpy","bitflyer","btcfxjpy",TRUE,"https://api.cryptowat.ch/markets/bitflyer/btcfxjpy",NA,NA,NA,NA,NA,NA,NA,NA,NA,NA,NA,NA
"254","zecbtc","zec","ZEC",FALSE,"https://api.cryptowat.ch/assets/zec","btc","Bitcoin",FALSE,"https://api.cryptowat.ch/assets/btc","https://api.cryptowat.ch/pairs/zecbtc","bitfinex","zecbtc",TRUE,"https://api.cryptowat.ch/markets/bitfinex/zecbtc",NA,NA,NA,NA,NA,NA,NA,NA,NA,NA,NA,NA
"255","zecbtc","zec","ZEC",FALSE,"https://api.cryptowat.ch/assets/zec","btc","Bitcoin",FALSE,"https://api.cryptowat.ch/assets/btc","https://api.cryptowat.ch/pairs/zecbtc","kraken","zecbtc",TRUE,"https://api.cryptowat.ch/markets/kraken/zecbtc",NA,NA,NA,NA,NA,NA,NA,NA,NA,NA,NA,NA
"256","zecbtc","zec","ZEC",FALSE,"https://api.cryptowat.ch/assets/zec","btc","Bitcoin",FALSE,"https://api.cryptowat.ch/assets/btc","https://api.cryptowat.ch/pairs/zecbtc","qryptos","zecbtc",TRUE,"https://api.cryptowat.ch/markets/qryptos/zecbtc",NA,NA,NA,NA,NA,NA,NA,NA,NA,NA,NA,NA
"257","zecbtc","zec","ZEC",FALSE,"https://api.cryptowat.ch/assets/zec","btc","Bitcoin",FALSE,"https://api.cryptowat.ch/assets/btc","https://api.cryptowat.ch/pairs/zecbtc","poloniex","zecbtc",TRUE,"https://api.cryptowat.ch/markets/poloniex/zecbtc",NA,NA,NA,NA,NA,NA,NA,NA,NA,NA,NA,NA
"258","eurusd","eur","euro",TRUE,"https://api.cryptowat.ch/assets/eur","usd","United States dollar",TRUE,"https://api.cryptowat.ch/assets/usd","https://api.cryptowat.ch/pairs/eurusd","bitstamp","eurusd",TRUE,"https://api.cryptowat.ch/markets/bitstamp/eurusd",NA,NA,NA,NA,NA,NA,NA,NA,NA,NA,NA,NA
"259","dasheur","dash","Dash",FALSE,"https://api.cryptowat.ch/assets/dash","eur","euro",TRUE,"https://api.cryptowat.ch/assets/eur","https://api.cryptowat.ch/pairs/dasheur","kraken","dasheur",TRUE,"https://api.cryptowat.ch/markets/kraken/dasheur",NA,NA,NA,NA,NA,NA,NA,NA,NA,NA,NA,NA
"260","btchkd","btc","Bitcoin",FALSE,"https://api.cryptowat.ch/assets/btc","hkd","Hong Kong Dollar",TRUE,"https://api.cryptowat.ch/assets/hkd","https://api.cryptowat.ch/pairs/btchkd","quoine","btchkd",TRUE,"https://api.cryptowat.ch/markets/quoine/btchkd",NA,NA,NA,NA,NA,NA,NA,NA,NA,NA,NA,NA
"261","etcbtc","etc","Ethereum Classic",FALSE,"https://api.cryptowat.ch/assets/etc","btc","Bitcoin",FALSE,"https://api.cryptowat.ch/assets/btc","https://api.cryptowat.ch/pairs/etcbtc","bitfinex","etcbtc",TRUE,"https://api.cryptowat.ch/markets/bitfinex/etcbtc",NA,NA,NA,NA,NA,NA,NA,NA,NA,NA,NA,NA
"262","etcbtc","etc","Ethereum Classic",FALSE,"https://api.cryptowat.ch/assets/etc","btc","Bitcoin",FALSE,"https://api.cryptowat.ch/assets/btc","https://api.cryptowat.ch/pairs/etcbtc","kraken","etcbtc",TRUE,"https://api.cryptowat.ch/markets/kraken/etcbtc",NA,NA,NA,NA,NA,NA,NA,NA,NA,NA,NA,NA
"263","etcbtc","etc","Ethereum Classic",FALSE,"https://api.cryptowat.ch/assets/etc","btc","Bitcoin",FALSE,"https://api.cryptowat.ch/assets/btc","https://api.cryptowat.ch/pairs/etcbtc","qryptos","etcbtc",TRUE,"https://api.cryptowat.ch/markets/qryptos/etcbtc",NA,NA,NA,NA,NA,NA,NA,NA,NA,NA,NA,NA
"264","etcbtc","etc","Ethereum Classic",FALSE,"https://api.cryptowat.ch/assets/etc","btc","Bitcoin",FALSE,"https://api.cryptowat.ch/assets/btc","https://api.cryptowat.ch/pairs/etcbtc","poloniex","etcbtc",TRUE,"https://api.cryptowat.ch/markets/poloniex/etcbtc",NA,NA,NA,NA,NA,NA,NA,NA,NA,NA,NA,NA
"265","etcbtc","etc","Ethereum Classic",FALSE,"https://api.cryptowat.ch/assets/etc","btc","Bitcoin",FALSE,"https://api.cryptowat.ch/assets/btc","https://api.cryptowat.ch/pairs/etcbtc","bitsquare","etcbtc",TRUE,"https://api.cryptowat.ch/markets/bitsquare/etcbtc",NA,NA,NA,NA,NA,NA,NA,NA,NA,NA,NA,NA
"266","bccusd","bcc","Bitcoin Core Token",FALSE,"https://api.cryptowat.ch/assets/bcc","usd","United States dollar",TRUE,"https://api.cryptowat.ch/assets/usd","https://api.cryptowat.ch/pairs/bccusd","bitfinex","bccusd",TRUE,"https://api.cryptowat.ch/markets/bitfinex/bccusd",NA,NA,NA,NA,NA,NA,NA,NA,NA,NA,NA,NA
"267","zeccad","zec","ZEC",FALSE,"https://api.cryptowat.ch/assets/zec","cad","Canadian dollar",TRUE,"https://api.cryptowat.ch/assets/cad","https://api.cryptowat.ch/pairs/zeccad","kraken","zeccad",TRUE,"https://api.cryptowat.ch/markets/kraken/zeccad",NA,NA,NA,NA,NA,NA,NA,NA,NA,NA,NA,NA
