"","id","base.id","base.name","base.fiat","base.route","quote.id","quote.name","quote.fiat","quote.route","route","markets.exchange","markets.pair","markets.active","markets.route"
"1","daoeth","dao","Decentralized Autonomous Organization",FALSE,"https://api.cryptowat.ch/assets/dao","eth","Ethereum",FALSE,"https://api.cryptowat.ch/assets/eth","https://api.cryptowat.ch/pairs/daoeth","poloniex","daoeth",TRUE,"https://api.cryptowat.ch/markets/poloniex/daoeth"
"2","ltcbtc","ltc","Litecoin",FALSE,"https://api.cryptowat.ch/assets/ltc","btc","Bitcoin",FALSE,"https://api.cryptowat.ch/assets/btc","https://api.cryptowat.ch/pairs/ltcbtc","bitfinex","ltcbtc",TRUE,"https://api.cryptowat.ch/markets/bitfinex/ltcbtc"
"3","ltcbtc","ltc","Litecoin",FALSE,"https://api.cryptowat.ch/assets/ltc","btc","Bitcoin",FALSE,"https://api.cryptowat.ch/assets/btc","https://api.cryptowat.ch/pairs/ltcbtc","gdax","ltcbtc",TRUE,"https://api.cryptowat.ch/markets/gdax/ltcbtc"
"4","ltcbtc","ltc","Litecoin",FALSE,"https://api.cryptowat.ch/assets/ltc","btc","Bitcoin",FALSE,"https://api.cryptowat.ch/assets/btc","https://api.cryptowat.ch/pairs/ltcbtc","bitstamp","ltcbtc",TRUE,"https://api.cryptowat.ch/markets/bitstamp/ltcbtc"
"5","ltcbtc","ltc","Litecoin",FALSE,"https://api.cryptowat.ch/assets/ltc","btc","Bitcoin",FALSE,"https://api.cryptowat.ch/assets/btc","https://api.cryptowat.ch/pairs/ltcbtc","kraken","ltcbtc",TRUE,"https://api.cryptowat.ch/markets/kraken/ltcbtc"
"6","ltcbtc","ltc","Litecoin",FALSE,"https://api.cryptowat.ch/assets/ltc","btc","Bitcoin",FALSE,"https://api.cryptowat.ch/assets/btc","https://api.cryptowat.ch/pairs/ltcbtc","btce","ltcbtc",FALSE,"https://api.cryptowat.ch/markets/btce/ltcbtc"
"7","ltcbtc","ltc","Litecoin",FALSE,"https://api.cryptowat.ch/assets/ltc","btc","Bitcoin",FALSE,"https://api.cryptowat.ch/assets/btc","https://api.cryptowat.ch/pairs/ltcbtc","cryptsy","ltcbtc",FALSE,"https://api.cryptowat.ch/markets/cryptsy/ltcbtc"
"8","ltcbtc","ltc","Litecoin",FALSE,"https://api.cryptowat.ch/assets/ltc","btc","Bitcoin",FALSE,"https://api.cryptowat.ch/assets/btc","https://api.cryptowat.ch/pairs/ltcbtc","cexio","ltcbtc",TRUE,"https://api.cryptowat.ch/markets/cexio/ltcbtc"
"9","ltcbtc","ltc","Litecoin",FALSE,"https://api.cryptowat.ch/assets/ltc","btc","Bitcoin",FALSE,"https://api.cryptowat.ch/assets/btc","https://api.cryptowat.ch/pairs/ltcbtc","qryptos","ltcbtc",TRUE,"https://api.cryptowat.ch/markets/qryptos/ltcbtc"
"10","ltcbtc","ltc","Litecoin",FALSE,"https://api.cryptowat.ch/assets/ltc","btc","Bitcoin",FALSE,"https://api.cryptowat.ch/assets/btc","https://api.cryptowat.ch/pairs/ltcbtc","btc-china","ltcbtc",TRUE,"https://api.cryptowat.ch/markets/btc-china/ltcbtc"
"11","ltcbtc","ltc","Litecoin",FALSE,"https://api.cryptowat.ch/assets/ltc","btc","Bitcoin",FALSE,"https://api.cryptowat.ch/assets/btc","https://api.cryptowat.ch/pairs/ltcbtc","poloniex","ltcbtc",TRUE,"https://api.cryptowat.ch/markets/poloniex/ltcbtc"
"12","ltcbtc","ltc","Litecoin",FALSE,"https://api.cryptowat.ch/assets/ltc","btc","Bitcoin",FALSE,"https://api.cryptowat.ch/assets/btc","https://api.cryptowat.ch/pairs/ltcbtc","bitsquare","ltcbtc",TRUE,"https://api.cryptowat.ch/markets/bitsquare/ltcbtc"
"13","iotusd","iot","IOTA",FALSE,"https://api.cryptowat.ch/assets/iot","usd","United States dollar",TRUE,"https://api.cryptowat.ch/assets/usd","https://api.cryptowat.ch/pairs/iotusd","bitfinex","iotusd",TRUE,"https://api.cryptowat.ch/markets/bitfinex/iotusd"
"14","icneth","icn","Iconomi",FALSE,"https://api.cryptowat.ch/assets/icn","eth","Ethereum",FALSE,"https://api.cryptowat.ch/assets/eth","https://api.cryptowat.ch/pairs/icneth","kraken","icneth",TRUE,"https://api.cryptowat.ch/markets/kraken/icneth"
"15","ethphp","eth","Ethereum",FALSE,"https://api.cryptowat.ch/assets/eth","php","Philippine Peso",TRUE,"https://api.cryptowat.ch/assets/php","https://api.cryptowat.ch/pairs/ethphp","quoine","ethphp",TRUE,"https://api.cryptowat.ch/markets/quoine/ethphp"
"16","xrpeur","xrp","Ripple",FALSE,"https://api.cryptowat.ch/assets/xrp","eur","euro",TRUE,"https://api.cryptowat.ch/assets/eur","https://api.cryptowat.ch/pairs/xrpeur","bitstamp","xrpeur",TRUE,"https://api.cryptowat.ch/markets/bitstamp/xrpeur"
"17","xrpeur","xrp","Ripple",FALSE,"https://api.cryptowat.ch/assets/xrp","eur","euro",TRUE,"https://api.cryptowat.ch/assets/eur","https://api.cryptowat.ch/pairs/xrpeur","kraken","xrpeur",TRUE,"https://api.cryptowat.ch/markets/kraken/xrpeur"
"18","etceur","etc","Ethereum Classic",FALSE,"https://api.cryptowat.ch/assets/etc","eur","euro",TRUE,"https://api.cryptowat.ch/assets/eur","https://api.cryptowat.ch/pairs/etceur","kraken","etceur",TRUE,"https://api.cryptowat.ch/markets/kraken/etceur"
"19","btsbtc","bts","BitShares",FALSE,"https://api.cryptowat.ch/assets/bts","btc","Bitcoin",FALSE,"https://api.cryptowat.ch/assets/btc","https://api.cryptowat.ch/pairs/btsbtc","poloniex","btsbtc",TRUE,"https://api.cryptowat.ch/markets/poloniex/btsbtc"
"20","lsketh","lsk","Lisk",FALSE,"https://api.cryptowat.ch/assets/lsk","eth","Ethereum",FALSE,"https://api.cryptowat.ch/assets/eth","https://api.cryptowat.ch/pairs/lsketh","poloniex","lsketh",TRUE,"https://api.cryptowat.ch/markets/poloniex/lsketh"
"21","dgbbtc","dgb","DigiByte",FALSE,"https://api.cryptowat.ch/assets/dgb","btc","Bitcoin",FALSE,"https://api.cryptowat.ch/assets/btc","https://api.cryptowat.ch/pairs/dgbbtc","poloniex","dgbbtc",TRUE,"https://api.cryptowat.ch/markets/poloniex/dgbbtc"
"22","etheur","eth","Ethereum",FALSE,"https://api.cryptowat.ch/assets/eth","eur","euro",TRUE,"https://api.cryptowat.ch/assets/eur","https://api.cryptowat.ch/pairs/etheur","gdax","etheur",TRUE,"https://api.cryptowat.ch/markets/gdax/etheur"
"23","etheur","eth","Ethereum",FALSE,"https://api.cryptowat.ch/assets/eth","eur","euro",TRUE,"https://api.cryptowat.ch/assets/eur","https://api.cryptowat.ch/pairs/etheur","bitstamp","etheur",TRUE,"https://api.cryptowat.ch/markets/bitstamp/etheur"
"24","etheur","eth","Ethereum",FALSE,"https://api.cryptowat.ch/assets/eth","eur","euro",TRUE,"https://api.cryptowat.ch/assets/eur","https://api.cryptowat.ch/pairs/etheur","kraken","etheur",TRUE,"https://api.cryptowat.ch/markets/kraken/etheur"
"25","etheur","eth","Ethereum",FALSE,"https://api.cryptowat.ch/assets/eth","eur","euro",TRUE,"https://api.cryptowat.ch/assets/eur","https://api.cryptowat.ch/pairs/etheur","btce","etheur",FALSE,"https://api.cryptowat.ch/markets/btce/etheur"
"26","etheur","eth","Ethereum",FALSE,"https://api.cryptowat.ch/assets/eth","eur","euro",TRUE,"https://api.cryptowat.ch/assets/eur","https://api.cryptowat.ch/pairs/etheur","quoine","etheur",TRUE,"https://api.cryptowat.ch/markets/quoine/etheur"
"27","ethaud","eth","Ethereum",FALSE,"https://api.cryptowat.ch/assets/eth","aud","Australian Dollar",TRUE,"https://api.cryptowat.ch/assets/aud","https://api.cryptowat.ch/pairs/ethaud","quoine","ethaud",TRUE,"https://api.cryptowat.ch/markets/quoine/ethaud"
"28","bchjpy","bch","Bitcoin Cash",FALSE,"https://api.cryptowat.ch/assets/bch","jpy","Japanese Yen",TRUE,"https://api.cryptowat.ch/assets/jpy","https://api.cryptowat.ch/pairs/bchjpy","quoine","bchjpy",TRUE,"https://api.cryptowat.ch/markets/quoine/bchjpy"
"29","ltccny-quarterly-futures","ltc","Litecoin",FALSE,"https://api.cryptowat.ch/assets/ltc","cny","Chinese yuan",TRUE,"https://api.cryptowat.ch/assets/cny","https://api.cryptowat.ch/pairs/ltccny-quarterly-futures","bitvc","ltccny-quarterly-futures",TRUE,"https://api.cryptowat.ch/markets/bitvc/ltccny-quarterly-futures"
"30","ethinr","eth","Ethereum",FALSE,"https://api.cryptowat.ch/assets/eth","inr","Indian Rupee",TRUE,"https://api.cryptowat.ch/assets/inr","https://api.cryptowat.ch/pairs/ethinr","quoine","ethinr",TRUE,"https://api.cryptowat.ch/markets/quoine/ethinr"
"31","maidbtc","maid","MaidSafe",FALSE,"https://api.cryptowat.ch/assets/maid","btc","Bitcoin",FALSE,"https://api.cryptowat.ch/assets/btc","https://api.cryptowat.ch/pairs/maidbtc","poloniex","maidbtc",TRUE,"https://api.cryptowat.ch/markets/poloniex/maidbtc"
"32","nxtusd","nxt","NXT",FALSE,"https://api.cryptowat.ch/assets/nxt","usd","United States dollar",TRUE,"https://api.cryptowat.ch/assets/usd","https://api.cryptowat.ch/pairs/nxtusd","poloniex","nxtusd",TRUE,"https://api.cryptowat.ch/markets/poloniex/nxtusd"
"33","ltcxmr","ltc","Litecoin",FALSE,"https://api.cryptowat.ch/assets/ltc","xmr","Monero",FALSE,"https://api.cryptowat.ch/assets/xmr","https://api.cryptowat.ch/pairs/ltcxmr","poloniex","ltcxmr",TRUE,"https://api.cryptowat.ch/markets/poloniex/ltcxmr"
"34","bchusd","bch","Bitcoin Cash",FALSE,"https://api.cryptowat.ch/assets/bch","usd","United States dollar",TRUE,"https://api.cryptowat.ch/assets/usd","https://api.cryptowat.ch/pairs/bchusd","bitfinex","bchusd",TRUE,"https://api.cryptowat.ch/markets/bitfinex/bchusd"
"35","bchusd","bch","Bitcoin Cash",FALSE,"https://api.cryptowat.ch/assets/bch","usd","United States dollar",TRUE,"https://api.cryptowat.ch/assets/usd","https://api.cryptowat.ch/pairs/bchusd","kraken","bchusd",TRUE,"https://api.cryptowat.ch/markets/kraken/bchusd"
"36","bchusd","bch","Bitcoin Cash",FALSE,"https://api.cryptowat.ch/assets/bch","usd","United States dollar",TRUE,"https://api.cryptowat.ch/assets/usd","https://api.cryptowat.ch/pairs/bchusd","cexio","bchusd",TRUE,"https://api.cryptowat.ch/markets/cexio/bchusd"
"37","bchusd","bch","Bitcoin Cash",FALSE,"https://api.cryptowat.ch/assets/bch","usd","United States dollar",TRUE,"https://api.cryptowat.ch/assets/usd","https://api.cryptowat.ch/pairs/bchusd","quoine","bchusd",TRUE,"https://api.cryptowat.ch/markets/quoine/bchusd"
"38","btcusd","btc","Bitcoin",FALSE,"https://api.cryptowat.ch/assets/btc","usd","United States dollar",TRUE,"https://api.cryptowat.ch/assets/usd","https://api.cryptowat.ch/pairs/btcusd","bitfinex","btcusd",TRUE,"https://api.cryptowat.ch/markets/bitfinex/btcusd"
"39","btcusd","btc","Bitcoin",FALSE,"https://api.cryptowat.ch/assets/btc","usd","United States dollar",TRUE,"https://api.cryptowat.ch/assets/usd","https://api.cryptowat.ch/pairs/btcusd","gdax","btcusd",TRUE,"https://api.cryptowat.ch/markets/gdax/btcusd"
"40","btcusd","btc","Bitcoin",FALSE,"https://api.cryptowat.ch/assets/btc","usd","United States dollar",TRUE,"https://api.cryptowat.ch/assets/usd","https://api.cryptowat.ch/pairs/btcusd","bitstamp","btcusd",TRUE,"https://api.cryptowat.ch/markets/bitstamp/btcusd"
"41","btcusd","btc","Bitcoin",FALSE,"https://api.cryptowat.ch/assets/btc","usd","United States dollar",TRUE,"https://api.cryptowat.ch/assets/usd","https://api.cryptowat.ch/pairs/btcusd","kraken","btcusd",TRUE,"https://api.cryptowat.ch/markets/kraken/btcusd"
"42","btcusd","btc","Bitcoin",FALSE,"https://api.cryptowat.ch/assets/btc","usd","United States dollar",TRUE,"https://api.cryptowat.ch/assets/usd","https://api.cryptowat.ch/pairs/btcusd","btce","btcusd",FALSE,"https://api.cryptowat.ch/markets/btce/btcusd"
"43","btcusd","btc","Bitcoin",FALSE,"https://api.cryptowat.ch/assets/btc","usd","United States dollar",TRUE,"https://api.cryptowat.ch/assets/usd","https://api.cryptowat.ch/pairs/btcusd","cryptsy","btcusd",FALSE,"https://api.cryptowat.ch/markets/cryptsy/btcusd"
"44","btcusd","btc","Bitcoin",FALSE,"https://api.cryptowat.ch/assets/btc","usd","United States dollar",TRUE,"https://api.cryptowat.ch/assets/usd","https://api.cryptowat.ch/pairs/btcusd","cexio","btcusd",TRUE,"https://api.cryptowat.ch/markets/cexio/btcusd"
"45","btcusd","btc","Bitcoin",FALSE,"https://api.cryptowat.ch/assets/btc","usd","United States dollar",TRUE,"https://api.cryptowat.ch/assets/usd","https://api.cryptowat.ch/pairs/btcusd","gemini","btcusd",TRUE,"https://api.cryptowat.ch/markets/gemini/btcusd"
"46","btcusd","btc","Bitcoin",FALSE,"https://api.cryptowat.ch/assets/btc","usd","United States dollar",TRUE,"https://api.cryptowat.ch/assets/usd","https://api.cryptowat.ch/pairs/btcusd","quoine","btcusd",TRUE,"https://api.cryptowat.ch/markets/quoine/btcusd"
"47","btcusd","btc","Bitcoin",FALSE,"https://api.cryptowat.ch/assets/btc","usd","United States dollar",TRUE,"https://api.cryptowat.ch/assets/usd","https://api.cryptowat.ch/pairs/btcusd","okcoin","btcusd",TRUE,"https://api.cryptowat.ch/markets/okcoin/btcusd"
"48","btcusd","btc","Bitcoin",FALSE,"https://api.cryptowat.ch/assets/btc","usd","United States dollar",TRUE,"https://api.cryptowat.ch/assets/usd","https://api.cryptowat.ch/pairs/btcusd","mexbt","btcusd",FALSE,"https://api.cryptowat.ch/markets/mexbt/btcusd"
"49","btcusd","btc","Bitcoin",FALSE,"https://api.cryptowat.ch/assets/btc","usd","United States dollar",TRUE,"https://api.cryptowat.ch/assets/usd","https://api.cryptowat.ch/pairs/btcusd","poloniex","btcusd",TRUE,"https://api.cryptowat.ch/markets/poloniex/btcusd"
"50","btcusd","btc","Bitcoin",FALSE,"https://api.cryptowat.ch/assets/btc","usd","United States dollar",TRUE,"https://api.cryptowat.ch/assets/usd","https://api.cryptowat.ch/pairs/btcusd","mtgox","btcusd",FALSE,"https://api.cryptowat.ch/markets/mtgox/btcusd"
"51","btcusd","btc","Bitcoin",FALSE,"https://api.cryptowat.ch/assets/btc","usd","United States dollar",TRUE,"https://api.cryptowat.ch/assets/usd","https://api.cryptowat.ch/pairs/btcusd","bitsquare","btcusd",TRUE,"https://api.cryptowat.ch/markets/bitsquare/btcusd"
"52","dogebtc","doge","Dogecoin",FALSE,"https://api.cryptowat.ch/assets/doge","btc","Bitcoin",FALSE,"https://api.cryptowat.ch/assets/btc","https://api.cryptowat.ch/pairs/dogebtc","kraken","dogebtc",TRUE,"https://api.cryptowat.ch/markets/kraken/dogebtc"
"53","zecxmr","zec","ZEC",FALSE,"https://api.cryptowat.ch/assets/zec","xmr","Monero",FALSE,"https://api.cryptowat.ch/assets/xmr","https://api.cryptowat.ch/pairs/zecxmr","poloniex","zecxmr",TRUE,"https://api.cryptowat.ch/markets/poloniex/zecxmr"
"54","bfxbtc","bfx","BFX",FALSE,"https://api.cryptowat.ch/assets/bfx","btc","Bitcoin",FALSE,"https://api.cryptowat.ch/assets/btc","https://api.cryptowat.ch/pairs/bfxbtc","bitfinex","bfxbtc",FALSE,"https://api.cryptowat.ch/markets/bitfinex/bfxbtc"
"55","repbtc","rep","Augur",FALSE,"https://api.cryptowat.ch/assets/rep","btc","Bitcoin",FALSE,"https://api.cryptowat.ch/assets/btc","https://api.cryptowat.ch/pairs/repbtc","kraken","repbtc",TRUE,"https://api.cryptowat.ch/markets/kraken/repbtc"
"56","repbtc","rep","Augur",FALSE,"https://api.cryptowat.ch/assets/rep","btc","Bitcoin",FALSE,"https://api.cryptowat.ch/assets/btc","https://api.cryptowat.ch/pairs/repbtc","qryptos","repbtc",TRUE,"https://api.cryptowat.ch/markets/qryptos/repbtc"
"57","repbtc","rep","Augur",FALSE,"https://api.cryptowat.ch/assets/rep","btc","Bitcoin",FALSE,"https://api.cryptowat.ch/assets/btc","https://api.cryptowat.ch/pairs/repbtc","poloniex","repbtc",TRUE,"https://api.cryptowat.ch/markets/poloniex/repbtc"
"58","bcheth","bch","Bitcoin Cash",FALSE,"https://api.cryptowat.ch/assets/bch","eth","Ethereum",FALSE,"https://api.cryptowat.ch/assets/eth","https://api.cryptowat.ch/pairs/bcheth","bitfinex","bcheth",TRUE,"https://api.cryptowat.ch/markets/bitfinex/bcheth"
"59","zecgbp","zec","ZEC",FALSE,"https://api.cryptowat.ch/assets/zec","gbp","British Pound",TRUE,"https://api.cryptowat.ch/assets/gbp","https://api.cryptowat.ch/pairs/zecgbp","kraken","zecgbp",TRUE,"https://api.cryptowat.ch/markets/kraken/zecgbp"
"60","xrpjpy","xrp","Ripple",FALSE,"https://api.cryptowat.ch/assets/xrp","jpy","Japanese Yen",TRUE,"https://api.cryptowat.ch/assets/jpy","https://api.cryptowat.ch/pairs/xrpjpy","kraken","xrpjpy",TRUE,"https://api.cryptowat.ch/markets/kraken/xrpjpy"
"61","nxtbtc","nxt","NXT",FALSE,"https://api.cryptowat.ch/assets/nxt","btc","Bitcoin",FALSE,"https://api.cryptowat.ch/assets/btc","https://api.cryptowat.ch/pairs/nxtbtc","poloniex","nxtbtc",TRUE,"https://api.cryptowat.ch/markets/poloniex/nxtbtc"
"62","ltcusd-biweekly-futures","ltc","Litecoin",FALSE,"https://api.cryptowat.ch/assets/ltc","usd","United States dollar",TRUE,"https://api.cryptowat.ch/assets/usd","https://api.cryptowat.ch/pairs/ltcusd-biweekly-futures","okcoin","ltcusd-biweekly-futures",TRUE,"https://api.cryptowat.ch/markets/okcoin/ltcusd-biweekly-futures"
"63","xmrbtc","xmr","Monero",FALSE,"https://api.cryptowat.ch/assets/xmr","btc","Bitcoin",FALSE,"https://api.cryptowat.ch/assets/btc","https://api.cryptowat.ch/pairs/xmrbtc","bitfinex","xmrbtc",TRUE,"https://api.cryptowat.ch/markets/bitfinex/xmrbtc"
"64","xmrbtc","xmr","Monero",FALSE,"https://api.cryptowat.ch/assets/xmr","btc","Bitcoin",FALSE,"https://api.cryptowat.ch/assets/btc","https://api.cryptowat.ch/pairs/xmrbtc","kraken","xmrbtc",TRUE,"https://api.cryptowat.ch/markets/kraken/xmrbtc"
"65","xmrbtc","xmr","Monero",FALSE,"https://api.cryptowat.ch/assets/xmr","btc","Bitcoin",FALSE,"https://api.cryptowat.ch/assets/btc","https://api.cryptowat.ch/pairs/xmrbtc","qryptos","xmrbtc",TRUE,"https://api.cryptowat.ch/markets/qryptos/xmrbtc"
"66","xmrbtc","xmr","Monero",FALSE,"https://api.cryptowat.ch/assets/xmr","btc","Bitcoin",FALSE,"https://api.cryptowat.ch/assets/btc","https://api.cryptowat.ch/pairs/xmrbtc","poloniex","xmrbtc",TRUE,"https://api.cryptowat.ch/markets/poloniex/xmrbtc"
"67","ethbtc","eth","Ethereum",FALSE,"https://api.cryptowat.ch/assets/eth","btc","Bitcoin",FALSE,"https://api.cryptowat.ch/assets/btc","https://api.cryptowat.ch/pairs/ethbtc","bitfinex","ethbtc",TRUE,"https://api.cryptowat.ch/markets/bitfinex/ethbtc"
"68","ethbtc","eth","Ethereum",FALSE,"https://api.cryptowat.ch/assets/eth","btc","Bitcoin",FALSE,"https://api.cryptowat.ch/assets/btc","https://api.cryptowat.ch/pairs/ethbtc","gdax","ethbtc",TRUE,"https://api.cryptowat.ch/markets/gdax/ethbtc"
"69","ethbtc","eth","Ethereum",FALSE,"https://api.cryptowat.ch/assets/eth","btc","Bitcoin",FALSE,"https://api.cryptowat.ch/assets/btc","https://api.cryptowat.ch/pairs/ethbtc","bitstamp","ethbtc",TRUE,"https://api.cryptowat.ch/markets/bitstamp/ethbtc"
"70","ethbtc","eth","Ethereum",FALSE,"https://api.cryptowat.ch/assets/eth","btc","Bitcoin",FALSE,"https://api.cryptowat.ch/assets/btc","https://api.cryptowat.ch/pairs/ethbtc","kraken","ethbtc",TRUE,"https://api.cryptowat.ch/markets/kraken/ethbtc"
"71","ethbtc","eth","Ethereum",FALSE,"https://api.cryptowat.ch/assets/eth","btc","Bitcoin",FALSE,"https://api.cryptowat.ch/assets/btc","https://api.cryptowat.ch/pairs/ethbtc","btce","ethbtc",FALSE,"https://api.cryptowat.ch/markets/btce/ethbtc"
"72","ethbtc","eth","Ethereum",FALSE,"https://api.cryptowat.ch/assets/eth","btc","Bitcoin",FALSE,"https://api.cryptowat.ch/assets/btc","https://api.cryptowat.ch/pairs/ethbtc","cryptsy","ethbtc",FALSE,"https://api.cryptowat.ch/markets/cryptsy/ethbtc"
"73","ethbtc","eth","Ethereum",FALSE,"https://api.cryptowat.ch/assets/eth","btc","Bitcoin",FALSE,"https://api.cryptowat.ch/assets/btc","https://api.cryptowat.ch/pairs/ethbtc","cexio","ethbtc",TRUE,"https://api.cryptowat.ch/markets/cexio/ethbtc"
"74","ethbtc","eth","Ethereum",FALSE,"https://api.cryptowat.ch/assets/eth","btc","Bitcoin",FALSE,"https://api.cryptowat.ch/assets/btc","https://api.cryptowat.ch/pairs/ethbtc","gemini","ethbtc",TRUE,"https://api.cryptowat.ch/markets/gemini/ethbtc"
"75","ethbtc","eth","Ethereum",FALSE,"https://api.cryptowat.ch/assets/eth","btc","Bitcoin",FALSE,"https://api.cryptowat.ch/assets/btc","https://api.cryptowat.ch/pairs/ethbtc","quoine","ethbtc",TRUE,"https://api.cryptowat.ch/markets/quoine/ethbtc"
"76","ethbtc","eth","Ethereum",FALSE,"https://api.cryptowat.ch/assets/eth","btc","Bitcoin",FALSE,"https://api.cryptowat.ch/assets/btc","https://api.cryptowat.ch/pairs/ethbtc","qryptos","ethbtc",TRUE,"https://api.cryptowat.ch/markets/qryptos/ethbtc"
"77","ethbtc","eth","Ethereum",FALSE,"https://api.cryptowat.ch/assets/eth","btc","Bitcoin",FALSE,"https://api.cryptowat.ch/assets/btc","https://api.cryptowat.ch/pairs/ethbtc","bitflyer","ethbtc",TRUE,"https://api.cryptowat.ch/markets/bitflyer/ethbtc"
"78","ethbtc","eth","Ethereum",FALSE,"https://api.cryptowat.ch/assets/eth","btc","Bitcoin",FALSE,"https://api.cryptowat.ch/assets/btc","https://api.cryptowat.ch/pairs/ethbtc","poloniex","ethbtc",TRUE,"https://api.cryptowat.ch/markets/poloniex/ethbtc"
"79","ethbtc","eth","Ethereum",FALSE,"https://api.cryptowat.ch/assets/eth","btc","Bitcoin",FALSE,"https://api.cryptowat.ch/assets/btc","https://api.cryptowat.ch/pairs/ethbtc","bitsquare","ethbtc",TRUE,"https://api.cryptowat.ch/markets/bitsquare/ethbtc"
"80","bchbtc","bch","Bitcoin Cash",FALSE,"https://api.cryptowat.ch/assets/bch","btc","Bitcoin",FALSE,"https://api.cryptowat.ch/assets/btc","https://api.cryptowat.ch/pairs/bchbtc","bitfinex","bchbtc",TRUE,"https://api.cryptowat.ch/markets/bitfinex/bchbtc"
"81","bchbtc","bch","Bitcoin Cash",FALSE,"https://api.cryptowat.ch/assets/bch","btc","Bitcoin",FALSE,"https://api.cryptowat.ch/assets/btc","https://api.cryptowat.ch/pairs/bchbtc","kraken","bchbtc",TRUE,"https://api.cryptowat.ch/markets/kraken/bchbtc"
"82","bchbtc","bch","Bitcoin Cash",FALSE,"https://api.cryptowat.ch/assets/bch","btc","Bitcoin",FALSE,"https://api.cryptowat.ch/assets/btc","https://api.cryptowat.ch/pairs/bchbtc","bitflyer","bchbtc",TRUE,"https://api.cryptowat.ch/markets/bitflyer/bchbtc"
"83","bchbtc","bch","Bitcoin Cash",FALSE,"https://api.cryptowat.ch/assets/bch","btc","Bitcoin",FALSE,"https://api.cryptowat.ch/assets/btc","https://api.cryptowat.ch/pairs/bchbtc","poloniex","bchbtc",TRUE,"https://api.cryptowat.ch/markets/poloniex/bchbtc"
"84","usdtusd","usdt","Tether",FALSE,"https://api.cryptowat.ch/assets/usdt","usd","United States dollar",TRUE,"https://api.cryptowat.ch/assets/usd","https://api.cryptowat.ch/pairs/usdtusd","kraken","usdtusd",TRUE,"https://api.cryptowat.ch/markets/kraken/usdtusd"
"85","ethrur","eth","Ethereum",FALSE,"https://api.cryptowat.ch/assets/eth","rur","Russian Ruble",TRUE,"https://api.cryptowat.ch/assets/rur","https://api.cryptowat.ch/pairs/ethrur","btce","ethrur",FALSE,"https://api.cryptowat.ch/markets/btce/ethrur"
"86","daobtc","dao","Decentralized Autonomous Organization",FALSE,"https://api.cryptowat.ch/assets/dao","btc","Bitcoin",FALSE,"https://api.cryptowat.ch/assets/btc","https://api.cryptowat.ch/pairs/daobtc","poloniex","daobtc",TRUE,"https://api.cryptowat.ch/markets/poloniex/daobtc"
"87","btckrw","btc","Bitcoin",FALSE,"https://api.cryptowat.ch/assets/btc","krw","South Korean Won",TRUE,"https://api.cryptowat.ch/assets/krw","https://api.cryptowat.ch/pairs/btckrw","bithumb","btckrw",TRUE,"https://api.cryptowat.ch/markets/bithumb/btckrw"
"88","btcgbp","btc","Bitcoin",FALSE,"https://api.cryptowat.ch/assets/btc","gbp","British Pound",TRUE,"https://api.cryptowat.ch/assets/gbp","https://api.cryptowat.ch/pairs/btcgbp","gdax","btcgbp",TRUE,"https://api.cryptowat.ch/markets/gdax/btcgbp"
"89","btcgbp","btc","Bitcoin",FALSE,"https://api.cryptowat.ch/assets/btc","gbp","British Pound",TRUE,"https://api.cryptowat.ch/assets/gbp","https://api.cryptowat.ch/pairs/btcgbp","kraken","btcgbp",TRUE,"https://api.cryptowat.ch/markets/kraken/btcgbp"
"90","ethidr","eth","Ethereum",FALSE,"https://api.cryptowat.ch/assets/eth","idr","Indonesian Rupiah",TRUE,"https://api.cryptowat.ch/assets/idr","https://api.cryptowat.ch/pairs/ethidr","quoine","ethidr",TRUE,"https://api.cryptowat.ch/markets/quoine/ethidr"
"91","fctbtc","fct","Factom",FALSE,"https://api.cryptowat.ch/assets/fct","btc","Bitcoin",FALSE,"https://api.cryptowat.ch/assets/btc","https://api.cryptowat.ch/pairs/fctbtc","poloniex","fctbtc",TRUE,"https://api.cryptowat.ch/markets/poloniex/fctbtc"
"92","gntbtc","gnt","Golem",FALSE,"https://api.cryptowat.ch/assets/gnt","btc","Bitcoin",FALSE,"https://api.cryptowat.ch/assets/btc","https://api.cryptowat.ch/pairs/gntbtc","poloniex","gntbtc",TRUE,"https://api.cryptowat.ch/markets/poloniex/gntbtc"
"93","repcad","rep","Augur",FALSE,"https://api.cryptowat.ch/assets/rep","cad","Canadian dollar",TRUE,"https://api.cryptowat.ch/assets/cad","https://api.cryptowat.ch/pairs/repcad","kraken","repcad",TRUE,"https://api.cryptowat.ch/markets/kraken/repcad"
"94","btcinr","btc","Bitcoin",FALSE,"https://api.cryptowat.ch/assets/btc","inr","Indian Rupee",TRUE,"https://api.cryptowat.ch/assets/inr","https://api.cryptowat.ch/pairs/btcinr","quoine","btcinr",TRUE,"https://api.cryptowat.ch/markets/quoine/btcinr"
"95","navbtc","nav","NAV Coin",FALSE,"https://api.cryptowat.ch/assets/nav","btc","Bitcoin",FALSE,"https://api.cryptowat.ch/assets/btc","https://api.cryptowat.ch/pairs/navbtc","poloniex","navbtc",TRUE,"https://api.cryptowat.ch/markets/poloniex/navbtc"
"96","stratbtc","strat","Stratis",FALSE,"https://api.cryptowat.ch/assets/strat","btc","Bitcoin",FALSE,"https://api.cryptowat.ch/assets/btc","https://api.cryptowat.ch/pairs/stratbtc","poloniex","stratbtc",TRUE,"https://api.cryptowat.ch/markets/poloniex/stratbtc"
"97","btcjpy-biweekly-futures","btc","Bitcoin",FALSE,"https://api.cryptowat.ch/assets/btc","jpy","Japanese Yen",TRUE,"https://api.cryptowat.ch/assets/jpy","https://api.cryptowat.ch/pairs/btcjpy-biweekly-futures","bitflyer","btcjpy-biweekly-futures",TRUE,"https://api.cryptowat.ch/markets/bitflyer/btcjpy-biweekly-futures"
"98","btcmxn","btc","Bitcoin",FALSE,"https://api.cryptowat.ch/assets/btc","mxn","Mexican Peso",TRUE,"https://api.cryptowat.ch/assets/mxn","https://api.cryptowat.ch/pairs/btcmxn","mexbt","btcmxn",FALSE,"https://api.cryptowat.ch/markets/mexbt/btcmxn"
"99","btcusd-quarterly-futures","btc","Bitcoin",FALSE,"https://api.cryptowat.ch/assets/btc","usd","United States dollar",TRUE,"https://api.cryptowat.ch/assets/usd","https://api.cryptowat.ch/pairs/btcusd-quarterly-futures","okcoin","btcusd-quarterly-futures",TRUE,"https://api.cryptowat.ch/markets/okcoin/btcusd-quarterly-futures"
"100","ethgbp","eth","Ethereum",FALSE,"https://api.cryptowat.ch/assets/eth","gbp","British Pound",TRUE,"https://api.cryptowat.ch/assets/gbp","https://api.cryptowat.ch/pairs/ethgbp","kraken","ethgbp",TRUE,"https://api.cryptowat.ch/markets/kraken/ethgbp"
"101","gnoeur","gno","Gnosis",FALSE,"https://api.cryptowat.ch/assets/gno","eur","euro",TRUE,"https://api.cryptowat.ch/assets/eur","https://api.cryptowat.ch/pairs/gnoeur","kraken","gnoeur",TRUE,"https://api.cryptowat.ch/markets/kraken/gnoeur"
"102","repjpy","rep","Augur",FALSE,"https://api.cryptowat.ch/assets/rep","jpy","Japanese Yen",TRUE,"https://api.cryptowat.ch/assets/jpy","https://api.cryptowat.ch/pairs/repjpy","kraken","repjpy",TRUE,"https://api.cryptowat.ch/markets/kraken/repjpy"
"103","nmcusd","nmc","Namecoin",FALSE,"https://api.cryptowat.ch/assets/nmc","usd","United States dollar",TRUE,"https://api.cryptowat.ch/assets/usd","https://api.cryptowat.ch/pairs/nmcusd","btce","nmcusd",FALSE,"https://api.cryptowat.ch/markets/btce/nmcusd"
"104","ltccny-weekly-futures","ltc","Litecoin",FALSE,"https://api.cryptowat.ch/assets/ltc","cny","Chinese yuan",TRUE,"https://api.cryptowat.ch/assets/cny","https://api.cryptowat.ch/pairs/ltccny-weekly-futures","bitvc","ltccny-weekly-futures",TRUE,"https://api.cryptowat.ch/markets/bitvc/ltccny-weekly-futures"
"105","xbt-perpetual-futures","btc","Bitcoin",FALSE,"https://api.cryptowat.ch/assets/btc","usd","United States dollar",TRUE,"https://api.cryptowat.ch/assets/usd","https://api.cryptowat.ch/pairs/xbt-perpetual-futures","bitmex","xbt-perpetual-futures",TRUE,"https://api.cryptowat.ch/markets/bitmex/xbt-perpetual-futures"
"106","etckrw","etc","Ethereum Classic",FALSE,"https://api.cryptowat.ch/assets/etc","krw","South Korean Won",TRUE,"https://api.cryptowat.ch/assets/krw","https://api.cryptowat.ch/pairs/etckrw","bithumb","etckrw",TRUE,"https://api.cryptowat.ch/markets/bithumb/etckrw"
"107","omgusd","omg","OmiseGo",FALSE,"https://api.cryptowat.ch/assets/omg","usd","United States dollar",TRUE,"https://api.cryptowat.ch/assets/usd","https://api.cryptowat.ch/pairs/omgusd","bitfinex","omgusd",TRUE,"https://api.cryptowat.ch/markets/bitfinex/omgusd"
"108","omgeth","omg","OmiseGo",FALSE,"https://api.cryptowat.ch/assets/omg","eth","Ethereum",FALSE,"https://api.cryptowat.ch/assets/eth","https://api.cryptowat.ch/pairs/omgeth","bitfinex","omgeth",TRUE,"https://api.cryptowat.ch/markets/bitfinex/omgeth"
"109","btcsgd","btc","Bitcoin",FALSE,"https://api.cryptowat.ch/assets/btc","sgd","Singapore Dollar",TRUE,"https://api.cryptowat.ch/assets/sgd","https://api.cryptowat.ch/pairs/btcsgd","quoine","btcsgd",TRUE,"https://api.cryptowat.ch/markets/quoine/btcsgd"
"110","btccny","btc","Bitcoin",FALSE,"https://api.cryptowat.ch/assets/btc","cny","Chinese yuan",TRUE,"https://api.cryptowat.ch/assets/cny","https://api.cryptowat.ch/pairs/btccny","quoine","btccny",TRUE,"https://api.cryptowat.ch/markets/quoine/btccny"
"111","btccny","btc","Bitcoin",FALSE,"https://api.cryptowat.ch/assets/btc","cny","Chinese yuan",TRUE,"https://api.cryptowat.ch/assets/cny","https://api.cryptowat.ch/pairs/btccny","okcoin","btccny",TRUE,"https://api.cryptowat.ch/markets/okcoin/btccny"
"112","btccny","btc","Bitcoin",FALSE,"https://api.cryptowat.ch/assets/btc","cny","Chinese yuan",TRUE,"https://api.cryptowat.ch/assets/cny","https://api.cryptowat.ch/pairs/btccny","btc-china","btccny",TRUE,"https://api.cryptowat.ch/markets/btc-china/btccny"
"113","btccny","btc","Bitcoin",FALSE,"https://api.cryptowat.ch/assets/btc","cny","Chinese yuan",TRUE,"https://api.cryptowat.ch/assets/cny","https://api.cryptowat.ch/pairs/btccny","huobi","btccny",TRUE,"https://api.cryptowat.ch/markets/huobi/btccny"
"114","bcuusd","bcu","Bitcoin Unlimited Token",FALSE,"https://api.cryptowat.ch/assets/bcu","usd","United States dollar",TRUE,"https://api.cryptowat.ch/assets/usd","https://api.cryptowat.ch/pairs/bcuusd","bitfinex","bcuusd",TRUE,"https://api.cryptowat.ch/markets/bitfinex/bcuusd"
"115","ioteth","iot","IOTA",FALSE,"https://api.cryptowat.ch/assets/iot","eth","Ethereum",FALSE,"https://api.cryptowat.ch/assets/eth","https://api.cryptowat.ch/pairs/ioteth","bitfinex","ioteth",TRUE,"https://api.cryptowat.ch/markets/bitfinex/ioteth"
"116","btccad","btc","Bitcoin",FALSE,"https://api.cryptowat.ch/assets/btc","cad","Canadian dollar",TRUE,"https://api.cryptowat.ch/assets/cad","https://api.cryptowat.ch/pairs/btccad","kraken","btccad",TRUE,"https://api.cryptowat.ch/markets/kraken/btccad"
"117","btccad","btc","Bitcoin",FALSE,"https://api.cryptowat.ch/assets/btc","cad","Canadian dollar",TRUE,"https://api.cryptowat.ch/assets/cad","https://api.cryptowat.ch/pairs/btccad","vault-of-satoshi","btccad",FALSE,"https://api.cryptowat.ch/markets/vault-of-satoshi/btccad"
"118","ethjpy","eth","Ethereum",FALSE,"https://api.cryptowat.ch/assets/eth","jpy","Japanese Yen",TRUE,"https://api.cryptowat.ch/assets/jpy","https://api.cryptowat.ch/pairs/ethjpy","kraken","ethjpy",TRUE,"https://api.cryptowat.ch/markets/kraken/ethjpy"
"119","ethjpy","eth","Ethereum",FALSE,"https://api.cryptowat.ch/assets/eth","jpy","Japanese Yen",TRUE,"https://api.cryptowat.ch/assets/jpy","https://api.cryptowat.ch/pairs/ethjpy","quoine","ethjpy",TRUE,"https://api.cryptowat.ch/markets/quoine/ethjpy"
"120","dashbtc","dash","Dash",FALSE,"https://api.cryptowat.ch/assets/dash","btc","Bitcoin",FALSE,"https://api.cryptowat.ch/assets/btc","https://api.cryptowat.ch/pairs/dashbtc","bitfinex","dashbtc",TRUE,"https://api.cryptowat.ch/markets/bitfinex/dashbtc"
"121","dashbtc","dash","Dash",FALSE,"https://api.cryptowat.ch/assets/dash","btc","Bitcoin",FALSE,"https://api.cryptowat.ch/assets/btc","https://api.cryptowat.ch/pairs/dashbtc","kraken","dashbtc",TRUE,"https://api.cryptowat.ch/markets/kraken/dashbtc"
"122","dashbtc","dash","Dash",FALSE,"https://api.cryptowat.ch/assets/dash","btc","Bitcoin",FALSE,"https://api.cryptowat.ch/assets/btc","https://api.cryptowat.ch/pairs/dashbtc","cryptsy","dashbtc",FALSE,"https://api.cryptowat.ch/markets/cryptsy/dashbtc"
"123","dashbtc","dash","Dash",FALSE,"https://api.cryptowat.ch/assets/dash","btc","Bitcoin",FALSE,"https://api.cryptowat.ch/assets/btc","https://api.cryptowat.ch/pairs/dashbtc","poloniex","dashbtc",TRUE,"https://api.cryptowat.ch/markets/poloniex/dashbtc"
"124","bccbtc","bcc","Bitcoin Core Token",FALSE,"https://api.cryptowat.ch/assets/bcc","btc","Bitcoin",FALSE,"https://api.cryptowat.ch/assets/btc","https://api.cryptowat.ch/pairs/bccbtc","bitfinex","bccbtc",TRUE,"https://api.cryptowat.ch/markets/bitfinex/bccbtc"
"125","ltcusd","ltc","Litecoin",FALSE,"https://api.cryptowat.ch/assets/ltc","usd","United States dollar",TRUE,"https://api.cryptowat.ch/assets/usd","https://api.cryptowat.ch/pairs/ltcusd","bitfinex","ltcusd",TRUE,"https://api.cryptowat.ch/markets/bitfinex/ltcusd"
"126","ltcusd","ltc","Litecoin",FALSE,"https://api.cryptowat.ch/assets/ltc","usd","United States dollar",TRUE,"https://api.cryptowat.ch/assets/usd","https://api.cryptowat.ch/pairs/ltcusd","gdax","ltcusd",TRUE,"https://api.cryptowat.ch/markets/gdax/ltcusd"
"127","ltcusd","ltc","Litecoin",FALSE,"https://api.cryptowat.ch/assets/ltc","usd","United States dollar",TRUE,"https://api.cryptowat.ch/assets/usd","https://api.cryptowat.ch/pairs/ltcusd","bitstamp","ltcusd",TRUE,"https://api.cryptowat.ch/markets/bitstamp/ltcusd"
"128","ltcusd","ltc","Litecoin",FALSE,"https://api.cryptowat.ch/assets/ltc","usd","United States dollar",TRUE,"https://api.cryptowat.ch/assets/usd","https://api.cryptowat.ch/pairs/ltcusd","kraken","ltcusd",TRUE,"https://api.cryptowat.ch/markets/kraken/ltcusd"
"129","ltcusd","ltc","Litecoin",FALSE,"https://api.cryptowat.ch/assets/ltc","usd","United States dollar",TRUE,"https://api.cryptowat.ch/assets/usd","https://api.cryptowat.ch/pairs/ltcusd","btce","ltcusd",FALSE,"https://api.cryptowat.ch/markets/btce/ltcusd"
"130","ltcusd","ltc","Litecoin",FALSE,"https://api.cryptowat.ch/assets/ltc","usd","United States dollar",TRUE,"https://api.cryptowat.ch/assets/usd","https://api.cryptowat.ch/pairs/ltcusd","cryptsy","ltcusd",FALSE,"https://api.cryptowat.ch/markets/cryptsy/ltcusd"
"131","ltcusd","ltc","Litecoin",FALSE,"https://api.cryptowat.ch/assets/ltc","usd","United States dollar",TRUE,"https://api.cryptowat.ch/assets/usd","https://api.cryptowat.ch/pairs/ltcusd","cexio","ltcusd",TRUE,"https://api.cryptowat.ch/markets/cexio/ltcusd"
"132","ltcusd","ltc","Litecoin",FALSE,"https://api.cryptowat.ch/assets/ltc","usd","United States dollar",TRUE,"https://api.cryptowat.ch/assets/usd","https://api.cryptowat.ch/pairs/ltcusd","okcoin","ltcusd",TRUE,"https://api.cryptowat.ch/markets/okcoin/ltcusd"
"133","ltcusd","ltc","Litecoin",FALSE,"https://api.cryptowat.ch/assets/ltc","usd","United States dollar",TRUE,"https://api.cryptowat.ch/assets/usd","https://api.cryptowat.ch/pairs/ltcusd","poloniex","ltcusd",TRUE,"https://api.cryptowat.ch/markets/poloniex/ltcusd"
"134","ethusd","eth","Ethereum",FALSE,"https://api.cryptowat.ch/assets/eth","usd","United States dollar",TRUE,"https://api.cryptowat.ch/assets/usd","https://api.cryptowat.ch/pairs/ethusd","bitfinex","ethusd",TRUE,"https://api.cryptowat.ch/markets/bitfinex/ethusd"
"135","ethusd","eth","Ethereum",FALSE,"https://api.cryptowat.ch/assets/eth","usd","United States dollar",TRUE,"https://api.cryptowat.ch/assets/usd","https://api.cryptowat.ch/pairs/ethusd","gdax","ethusd",TRUE,"https://api.cryptowat.ch/markets/gdax/ethusd"
"136","ethusd","eth","Ethereum",FALSE,"https://api.cryptowat.ch/assets/eth","usd","United States dollar",TRUE,"https://api.cryptowat.ch/assets/usd","https://api.cryptowat.ch/pairs/ethusd","bitstamp","ethusd",TRUE,"https://api.cryptowat.ch/markets/bitstamp/ethusd"
"137","ethusd","eth","Ethereum",FALSE,"https://api.cryptowat.ch/assets/eth","usd","United States dollar",TRUE,"https://api.cryptowat.ch/assets/usd","https://api.cryptowat.ch/pairs/ethusd","kraken","ethusd",TRUE,"https://api.cryptowat.ch/markets/kraken/ethusd"
"138","ethusd","eth","Ethereum",FALSE,"https://api.cryptowat.ch/assets/eth","usd","United States dollar",TRUE,"https://api.cryptowat.ch/assets/usd","https://api.cryptowat.ch/pairs/ethusd","btce","ethusd",FALSE,"https://api.cryptowat.ch/markets/btce/ethusd"
"139","ethusd","eth","Ethereum",FALSE,"https://api.cryptowat.ch/assets/eth","usd","United States dollar",TRUE,"https://api.cryptowat.ch/assets/usd","https://api.cryptowat.ch/pairs/ethusd","cryptsy","ethusd",FALSE,"https://api.cryptowat.ch/markets/cryptsy/ethusd"
"140","ethusd","eth","Ethereum",FALSE,"https://api.cryptowat.ch/assets/eth","usd","United States dollar",TRUE,"https://api.cryptowat.ch/assets/usd","https://api.cryptowat.ch/pairs/ethusd","gemini","ethusd",TRUE,"https://api.cryptowat.ch/markets/gemini/ethusd"
"141","ethusd","eth","Ethereum",FALSE,"https://api.cryptowat.ch/assets/eth","usd","United States dollar",TRUE,"https://api.cryptowat.ch/assets/usd","https://api.cryptowat.ch/pairs/ethusd","quoine","ethusd",TRUE,"https://api.cryptowat.ch/markets/quoine/ethusd"
"142","ethusd","eth","Ethereum",FALSE,"https://api.cryptowat.ch/assets/eth","usd","United States dollar",TRUE,"https://api.cryptowat.ch/assets/usd","https://api.cryptowat.ch/pairs/ethusd","poloniex","ethusd",TRUE,"https://api.cryptowat.ch/markets/poloniex/ethusd"
"143","ethkrw","eth","Ethereum",FALSE,"https://api.cryptowat.ch/assets/eth","krw","South Korean Won",TRUE,"https://api.cryptowat.ch/assets/krw","https://api.cryptowat.ch/pairs/ethkrw","bithumb","ethkrw",TRUE,"https://api.cryptowat.ch/markets/bithumb/ethkrw"
"144","mlneth","mln","Melonport",FALSE,"https://api.cryptowat.ch/assets/mln","eth","Ethereum",FALSE,"https://api.cryptowat.ch/assets/eth","https://api.cryptowat.ch/pairs/mlneth","kraken","mlneth",TRUE,"https://api.cryptowat.ch/markets/kraken/mlneth"
"145","repusd","rep","Augur",FALSE,"https://api.cryptowat.ch/assets/rep","usd","United States dollar",TRUE,"https://api.cryptowat.ch/assets/usd","https://api.cryptowat.ch/pairs/repusd","kraken","repusd",TRUE,"https://api.cryptowat.ch/markets/kraken/repusd"
"146","repusd","rep","Augur",FALSE,"https://api.cryptowat.ch/assets/rep","usd","United States dollar",TRUE,"https://api.cryptowat.ch/assets/usd","https://api.cryptowat.ch/pairs/repusd","poloniex","repusd",TRUE,"https://api.cryptowat.ch/markets/poloniex/repusd"
"147","btcphp","btc","Bitcoin",FALSE,"https://api.cryptowat.ch/assets/btc","php","Philippine Peso",TRUE,"https://api.cryptowat.ch/assets/php","https://api.cryptowat.ch/pairs/btcphp","quoine","btcphp",TRUE,"https://api.cryptowat.ch/markets/quoine/btcphp"
"148","btccny-quarterly-futures","btc","Bitcoin",FALSE,"https://api.cryptowat.ch/assets/btc","cny","Chinese yuan",TRUE,"https://api.cryptowat.ch/assets/cny","https://api.cryptowat.ch/pairs/btccny-quarterly-futures","bitvc","btccny-quarterly-futures",TRUE,"https://api.cryptowat.ch/markets/bitvc/btccny-quarterly-futures"
"149","btcjpy-weekly-futures","btc","Bitcoin",FALSE,"https://api.cryptowat.ch/assets/btc","jpy","Japanese Yen",TRUE,"https://api.cryptowat.ch/assets/jpy","https://api.cryptowat.ch/pairs/btcjpy-weekly-futures","bitflyer","btcjpy-weekly-futures",TRUE,"https://api.cryptowat.ch/markets/bitflyer/btcjpy-weekly-futures"
"150","btcusd-weekly-futures","btc","Bitcoin",FALSE,"https://api.cryptowat.ch/assets/btc","usd","United States dollar",TRUE,"https://api.cryptowat.ch/assets/usd","https://api.cryptowat.ch/pairs/btcusd-weekly-futures","okcoin","btcusd-weekly-futures",TRUE,"https://api.cryptowat.ch/markets/okcoin/btcusd-weekly-futures"
"151","btcusd-weekly-futures","btc","Bitcoin",FALSE,"https://api.cryptowat.ch/assets/btc","usd","United States dollar",TRUE,"https://api.cryptowat.ch/assets/usd","https://api.cryptowat.ch/pairs/btcusd-weekly-futures","796","btcusd-weekly-futures",FALSE,"https://api.cryptowat.ch/markets/796/btcusd-weekly-futures"
"152","btcusd-biweekly-futures","btc","Bitcoin",FALSE,"https://api.cryptowat.ch/assets/btc","usd","United States dollar",TRUE,"https://api.cryptowat.ch/assets/usd","https://api.cryptowat.ch/pairs/btcusd-biweekly-futures","okcoin","btcusd-biweekly-futures",TRUE,"https://api.cryptowat.ch/markets/okcoin/btcusd-biweekly-futures"
"153","xbt-monthly-futures","btc","Bitcoin",FALSE,"https://api.cryptowat.ch/assets/btc","usd","United States dollar",TRUE,"https://api.cryptowat.ch/assets/usd","https://api.cryptowat.ch/pairs/xbt-monthly-futures","bitmex","xbt-monthly-futures",TRUE,"https://api.cryptowat.ch/markets/bitmex/xbt-monthly-futures"
"154","lskbtc","lsk","Lisk",FALSE,"https://api.cryptowat.ch/assets/lsk","btc","Bitcoin",FALSE,"https://api.cryptowat.ch/assets/btc","https://api.cryptowat.ch/pairs/lskbtc","poloniex","lskbtc",TRUE,"https://api.cryptowat.ch/markets/poloniex/lskbtc"
"155","bfxusd","bfx","BFX",FALSE,"https://api.cryptowat.ch/assets/bfx","usd","United States dollar",TRUE,"https://api.cryptowat.ch/assets/usd","https://api.cryptowat.ch/pairs/bfxusd","bitfinex","bfxusd",TRUE,"https://api.cryptowat.ch/markets/bitfinex/bfxusd"
"156","etceth","etc","Ethereum Classic",FALSE,"https://api.cryptowat.ch/assets/etc","eth","Ethereum",FALSE,"https://api.cryptowat.ch/assets/eth","https://api.cryptowat.ch/pairs/etceth","kraken","etceth",TRUE,"https://api.cryptowat.ch/markets/kraken/etceth"
"157","etceth","etc","Ethereum Classic",FALSE,"https://api.cryptowat.ch/assets/etc","eth","Ethereum",FALSE,"https://api.cryptowat.ch/assets/eth","https://api.cryptowat.ch/pairs/etceth","poloniex","etceth",TRUE,"https://api.cryptowat.ch/markets/poloniex/etceth"
"158","gnousd","gno","Gnosis",FALSE,"https://api.cryptowat.ch/assets/gno","usd","United States dollar",TRUE,"https://api.cryptowat.ch/assets/usd","https://api.cryptowat.ch/pairs/gnousd","kraken","gnousd",TRUE,"https://api.cryptowat.ch/markets/kraken/gnousd"
"159","ethhkd","eth","Ethereum",FALSE,"https://api.cryptowat.ch/assets/eth","hkd","Hong Kong Dollar",TRUE,"https://api.cryptowat.ch/assets/hkd","https://api.cryptowat.ch/pairs/ethhkd","quoine","ethhkd",TRUE,"https://api.cryptowat.ch/markets/quoine/ethhkd"
"160","dashkrw","dash","Dash",FALSE,"https://api.cryptowat.ch/assets/dash","krw","South Korean Won",TRUE,"https://api.cryptowat.ch/assets/krw","https://api.cryptowat.ch/pairs/dashkrw","bithumb","dashkrw",TRUE,"https://api.cryptowat.ch/markets/bithumb/dashkrw"
"161","repeur","rep","Augur",FALSE,"https://api.cryptowat.ch/assets/rep","eur","euro",TRUE,"https://api.cryptowat.ch/assets/eur","https://api.cryptowat.ch/pairs/repeur","kraken","repeur",TRUE,"https://api.cryptowat.ch/markets/kraken/repeur"
"162","strusd","str","Stellar",FALSE,"https://api.cryptowat.ch/assets/str","usd","United States dollar",TRUE,"https://api.cryptowat.ch/assets/usd","https://api.cryptowat.ch/pairs/strusd","kraken","strusd",TRUE,"https://api.cryptowat.ch/markets/kraken/strusd"
"163","strusd","str","Stellar",FALSE,"https://api.cryptowat.ch/assets/str","usd","United States dollar",TRUE,"https://api.cryptowat.ch/assets/usd","https://api.cryptowat.ch/pairs/strusd","poloniex","strusd",TRUE,"https://api.cryptowat.ch/markets/poloniex/strusd"
"164","btcaud","btc","Bitcoin",FALSE,"https://api.cryptowat.ch/assets/btc","aud","Australian Dollar",TRUE,"https://api.cryptowat.ch/assets/aud","https://api.cryptowat.ch/pairs/btcaud","quoine","btcaud",TRUE,"https://api.cryptowat.ch/markets/quoine/btcaud"
"165","btcaud","btc","Bitcoin",FALSE,"https://api.cryptowat.ch/assets/btc","aud","Australian Dollar",TRUE,"https://api.cryptowat.ch/assets/aud","https://api.cryptowat.ch/pairs/btcaud","bitsquare","btcaud",TRUE,"https://api.cryptowat.ch/markets/bitsquare/btcaud"
"166","ltccny","ltc","Litecoin",FALSE,"https://api.cryptowat.ch/assets/ltc","cny","Chinese yuan",TRUE,"https://api.cryptowat.ch/assets/cny","https://api.cryptowat.ch/pairs/ltccny","okcoin","ltccny",TRUE,"https://api.cryptowat.ch/markets/okcoin/ltccny"
"167","ltccny","ltc","Litecoin",FALSE,"https://api.cryptowat.ch/assets/ltc","cny","Chinese yuan",TRUE,"https://api.cryptowat.ch/assets/cny","https://api.cryptowat.ch/pairs/ltccny","btc-china","ltccny",TRUE,"https://api.cryptowat.ch/markets/btc-china/ltccny"
"168","ltccny","ltc","Litecoin",FALSE,"https://api.cryptowat.ch/assets/ltc","cny","Chinese yuan",TRUE,"https://api.cryptowat.ch/assets/cny","https://api.cryptowat.ch/pairs/ltccny","huobi","ltccny",TRUE,"https://api.cryptowat.ch/markets/huobi/ltccny"
"169","xrpusd","xrp","Ripple",FALSE,"https://api.cryptowat.ch/assets/xrp","usd","United States dollar",TRUE,"https://api.cryptowat.ch/assets/usd","https://api.cryptowat.ch/pairs/xrpusd","bitfinex","xrpusd",TRUE,"https://api.cryptowat.ch/markets/bitfinex/xrpusd"
"170","xrpusd","xrp","Ripple",FALSE,"https://api.cryptowat.ch/assets/xrp","usd","United States dollar",TRUE,"https://api.cryptowat.ch/assets/usd","https://api.cryptowat.ch/pairs/xrpusd","bitstamp","xrpusd",TRUE,"https://api.cryptowat.ch/markets/bitstamp/xrpusd"
"171","xrpusd","xrp","Ripple",FALSE,"https://api.cryptowat.ch/assets/xrp","usd","United States dollar",TRUE,"https://api.cryptowat.ch/assets/usd","https://api.cryptowat.ch/pairs/xrpusd","kraken","xrpusd",TRUE,"https://api.cryptowat.ch/markets/kraken/xrpusd"
"172","xrpusd","xrp","Ripple",FALSE,"https://api.cryptowat.ch/assets/xrp","usd","United States dollar",TRUE,"https://api.cryptowat.ch/assets/usd","https://api.cryptowat.ch/pairs/xrpusd","poloniex","xrpusd",TRUE,"https://api.cryptowat.ch/markets/poloniex/xrpusd"
"173","btceur","btc","Bitcoin",FALSE,"https://api.cryptowat.ch/assets/btc","eur","euro",TRUE,"https://api.cryptowat.ch/assets/eur","https://api.cryptowat.ch/pairs/btceur","gdax","btceur",TRUE,"https://api.cryptowat.ch/markets/gdax/btceur"
"174","btceur","btc","Bitcoin",FALSE,"https://api.cryptowat.ch/assets/btc","eur","euro",TRUE,"https://api.cryptowat.ch/assets/eur","https://api.cryptowat.ch/pairs/btceur","bitstamp","btceur",TRUE,"https://api.cryptowat.ch/markets/bitstamp/btceur"
"175","btceur","btc","Bitcoin",FALSE,"https://api.cryptowat.ch/assets/btc","eur","euro",TRUE,"https://api.cryptowat.ch/assets/eur","https://api.cryptowat.ch/pairs/btceur","kraken","btceur",TRUE,"https://api.cryptowat.ch/markets/kraken/btceur"
"176","btceur","btc","Bitcoin",FALSE,"https://api.cryptowat.ch/assets/btc","eur","euro",TRUE,"https://api.cryptowat.ch/assets/eur","https://api.cryptowat.ch/pairs/btceur","btce","btceur",FALSE,"https://api.cryptowat.ch/markets/btce/btceur"
"177","btceur","btc","Bitcoin",FALSE,"https://api.cryptowat.ch/assets/btc","eur","euro",TRUE,"https://api.cryptowat.ch/assets/eur","https://api.cryptowat.ch/pairs/btceur","cryptsy","btceur",FALSE,"https://api.cryptowat.ch/markets/cryptsy/btceur"
"178","btceur","btc","Bitcoin",FALSE,"https://api.cryptowat.ch/assets/btc","eur","euro",TRUE,"https://api.cryptowat.ch/assets/eur","https://api.cryptowat.ch/pairs/btceur","cexio","btceur",TRUE,"https://api.cryptowat.ch/markets/cexio/btceur"
"179","btceur","btc","Bitcoin",FALSE,"https://api.cryptowat.ch/assets/btc","eur","euro",TRUE,"https://api.cryptowat.ch/assets/eur","https://api.cryptowat.ch/pairs/btceur","quoine","btceur",TRUE,"https://api.cryptowat.ch/markets/quoine/btceur"
"180","btceur","btc","Bitcoin",FALSE,"https://api.cryptowat.ch/assets/btc","eur","euro",TRUE,"https://api.cryptowat.ch/assets/eur","https://api.cryptowat.ch/pairs/btceur","bitsquare","btceur",TRUE,"https://api.cryptowat.ch/markets/bitsquare/btceur"
"181","eoseth","eos","EOS",FALSE,"https://api.cryptowat.ch/assets/eos","eth","Ethereum",FALSE,"https://api.cryptowat.ch/assets/eth","https://api.cryptowat.ch/pairs/eoseth","bitfinex","eoseth",TRUE,"https://api.cryptowat.ch/markets/bitfinex/eoseth"
"182","eoseth","eos","EOS",FALSE,"https://api.cryptowat.ch/assets/eos","eth","Ethereum",FALSE,"https://api.cryptowat.ch/assets/eth","https://api.cryptowat.ch/pairs/eoseth","kraken","eoseth",TRUE,"https://api.cryptowat.ch/markets/kraken/eoseth"
"183","ethcad","eth","Ethereum",FALSE,"https://api.cryptowat.ch/assets/eth","cad","Canadian dollar",TRUE,"https://api.cryptowat.ch/assets/cad","https://api.cryptowat.ch/pairs/ethcad","kraken","ethcad",TRUE,"https://api.cryptowat.ch/markets/kraken/ethcad"
"184","ltcusd-weekly-futures","ltc","Litecoin",FALSE,"https://api.cryptowat.ch/assets/ltc","usd","United States dollar",TRUE,"https://api.cryptowat.ch/assets/usd","https://api.cryptowat.ch/pairs/ltcusd-weekly-futures","okcoin","ltcusd-weekly-futures",TRUE,"https://api.cryptowat.ch/markets/okcoin/ltcusd-weekly-futures"
"185","ltcusd-weekly-futures","ltc","Litecoin",FALSE,"https://api.cryptowat.ch/assets/ltc","usd","United States dollar",TRUE,"https://api.cryptowat.ch/assets/usd","https://api.cryptowat.ch/pairs/ltcusd-weekly-futures","796","ltcusd-weekly-futures",FALSE,"https://api.cryptowat.ch/markets/796/ltcusd-weekly-futures"
"186","bcubtc","bcu","Bitcoin Unlimited Token",FALSE,"https://api.cryptowat.ch/assets/bcu","btc","Bitcoin",FALSE,"https://api.cryptowat.ch/assets/btc","https://api.cryptowat.ch/pairs/bcubtc","bitfinex","bcubtc",TRUE,"https://api.cryptowat.ch/markets/bitfinex/bcubtc"
"187","xrpbtc","xrp","Ripple",FALSE,"https://api.cryptowat.ch/assets/xrp","btc","Bitcoin",FALSE,"https://api.cryptowat.ch/assets/btc","https://api.cryptowat.ch/pairs/xrpbtc","bitfinex","xrpbtc",TRUE,"https://api.cryptowat.ch/markets/bitfinex/xrpbtc"
"188","xrpbtc","xrp","Ripple",FALSE,"https://api.cryptowat.ch/assets/xrp","btc","Bitcoin",FALSE,"https://api.cryptowat.ch/assets/btc","https://api.cryptowat.ch/pairs/xrpbtc","bitstamp","xrpbtc",TRUE,"https://api.cryptowat.ch/markets/bitstamp/xrpbtc"
"189","xrpbtc","xrp","Ripple",FALSE,"https://api.cryptowat.ch/assets/xrp","btc","Bitcoin",FALSE,"https://api.cryptowat.ch/assets/btc","https://api.cryptowat.ch/pairs/xrpbtc","kraken","xrpbtc",TRUE,"https://api.cryptowat.ch/markets/kraken/xrpbtc"
"190","xrpbtc","xrp","Ripple",FALSE,"https://api.cryptowat.ch/assets/xrp","btc","Bitcoin",FALSE,"https://api.cryptowat.ch/assets/btc","https://api.cryptowat.ch/pairs/xrpbtc","qryptos","xrpbtc",TRUE,"https://api.cryptowat.ch/markets/qryptos/xrpbtc"
"191","xrpbtc","xrp","Ripple",FALSE,"https://api.cryptowat.ch/assets/xrp","btc","Bitcoin",FALSE,"https://api.cryptowat.ch/assets/btc","https://api.cryptowat.ch/pairs/xrpbtc","poloniex","xrpbtc",TRUE,"https://api.cryptowat.ch/markets/poloniex/xrpbtc"
"192","xrpkrw","xrp","Ripple",FALSE,"https://api.cryptowat.ch/assets/xrp","krw","South Korean Won",TRUE,"https://api.cryptowat.ch/assets/krw","https://api.cryptowat.ch/pairs/xrpkrw","bithumb","xrpkrw",TRUE,"https://api.cryptowat.ch/markets/bithumb/xrpkrw"
"193","gnobtc","gno","Gnosis",FALSE,"https://api.cryptowat.ch/assets/gno","btc","Bitcoin",FALSE,"https://api.cryptowat.ch/assets/btc","https://api.cryptowat.ch/pairs/gnobtc","kraken","gnobtc",TRUE,"https://api.cryptowat.ch/markets/kraken/gnobtc"
"194","gnobtc","gno","Gnosis",FALSE,"https://api.cryptowat.ch/assets/gno","btc","Bitcoin",FALSE,"https://api.cryptowat.ch/assets/btc","https://api.cryptowat.ch/pairs/gnobtc","poloniex","gnobtc",TRUE,"https://api.cryptowat.ch/markets/poloniex/gnobtc"
"195","gnoeth","gno","Gnosis",FALSE,"https://api.cryptowat.ch/assets/gno","eth","Ethereum",FALSE,"https://api.cryptowat.ch/assets/eth","https://api.cryptowat.ch/pairs/gnoeth","kraken","gnoeth",TRUE,"https://api.cryptowat.ch/markets/kraken/gnoeth"
"196","gnoeth","gno","Gnosis",FALSE,"https://api.cryptowat.ch/assets/gno","eth","Ethereum",FALSE,"https://api.cryptowat.ch/assets/eth","https://api.cryptowat.ch/pairs/gnoeth","poloniex","gnoeth",TRUE,"https://api.cryptowat.ch/markets/poloniex/gnoeth"
"197","zeceur","zec","ZEC",FALSE,"https://api.cryptowat.ch/assets/zec","eur","euro",TRUE,"https://api.cryptowat.ch/assets/eur","https://api.cryptowat.ch/pairs/zeceur","kraken","zeceur",TRUE,"https://api.cryptowat.ch/markets/kraken/zeceur"
"198","bchsgd","bch","Bitcoin Cash",FALSE,"https://api.cryptowat.ch/assets/bch","sgd","Singapore Dollar",TRUE,"https://api.cryptowat.ch/assets/sgd","https://api.cryptowat.ch/pairs/bchsgd","quoine","bchsgd",TRUE,"https://api.cryptowat.ch/markets/quoine/bchsgd"
"199","mlnbtc","mln","Melonport",FALSE,"https://api.cryptowat.ch/assets/mln","btc","Bitcoin",FALSE,"https://api.cryptowat.ch/assets/btc","https://api.cryptowat.ch/pairs/mlnbtc","kraken","mlnbtc",TRUE,"https://api.cryptowat.ch/markets/kraken/mlnbtc"
"200","repeth","rep","Augur",FALSE,"https://api.cryptowat.ch/assets/rep","eth","Ethereum",FALSE,"https://api.cryptowat.ch/assets/eth","https://api.cryptowat.ch/pairs/repeth","kraken","repeth",TRUE,"https://api.cryptowat.ch/markets/kraken/repeth"
"201","repeth","rep","Augur",FALSE,"https://api.cryptowat.ch/assets/rep","eth","Ethereum",FALSE,"https://api.cryptowat.ch/assets/eth","https://api.cryptowat.ch/pairs/repeth","poloniex","repeth",TRUE,"https://api.cryptowat.ch/markets/poloniex/repeth"
"202","nxtxmr","nxt","NXT",FALSE,"https://api.cryptowat.ch/assets/nxt","xmr","Monero",FALSE,"https://api.cryptowat.ch/assets/xmr","https://api.cryptowat.ch/pairs/nxtxmr","poloniex","nxtxmr",TRUE,"https://api.cryptowat.ch/markets/poloniex/nxtxmr"
"203","ethcny","eth","Ethereum",FALSE,"https://api.cryptowat.ch/assets/eth","cny","Chinese yuan",TRUE,"https://api.cryptowat.ch/assets/cny","https://api.cryptowat.ch/pairs/ethcny","quoine","ethcny",TRUE,"https://api.cryptowat.ch/markets/quoine/ethcny"
"204","ethcny","eth","Ethereum",FALSE,"https://api.cryptowat.ch/assets/eth","cny","Chinese yuan",TRUE,"https://api.cryptowat.ch/assets/cny","https://api.cryptowat.ch/pairs/ethcny","huobi","ethcny",FALSE,"https://api.cryptowat.ch/markets/huobi/ethcny"
"205","omgbtc","omg","OmiseGo",FALSE,"https://api.cryptowat.ch/assets/omg","btc","Bitcoin",FALSE,"https://api.cryptowat.ch/assets/btc","https://api.cryptowat.ch/pairs/omgbtc","bitfinex","omgbtc",TRUE,"https://api.cryptowat.ch/markets/bitfinex/omgbtc"
"206","dashusd","dash","Dash",FALSE,"https://api.cryptowat.ch/assets/dash","usd","United States dollar",TRUE,"https://api.cryptowat.ch/assets/usd","https://api.cryptowat.ch/pairs/dashusd","bitfinex","dashusd",TRUE,"https://api.cryptowat.ch/markets/bitfinex/dashusd"
"207","dashusd","dash","Dash",FALSE,"https://api.cryptowat.ch/assets/dash","usd","United States dollar",TRUE,"https://api.cryptowat.ch/assets/usd","https://api.cryptowat.ch/pairs/dashusd","kraken","dashusd",TRUE,"https://api.cryptowat.ch/markets/kraken/dashusd"
"208","dashusd","dash","Dash",FALSE,"https://api.cryptowat.ch/assets/dash","usd","United States dollar",TRUE,"https://api.cryptowat.ch/assets/usd","https://api.cryptowat.ch/pairs/dashusd","cryptsy","dashusd",FALSE,"https://api.cryptowat.ch/markets/cryptsy/dashusd"
"209","dashusd","dash","Dash",FALSE,"https://api.cryptowat.ch/assets/dash","usd","United States dollar",TRUE,"https://api.cryptowat.ch/assets/usd","https://api.cryptowat.ch/pairs/dashusd","poloniex","dashusd",TRUE,"https://api.cryptowat.ch/markets/poloniex/dashusd"
"210","eoseur","eos","EOS",FALSE,"https://api.cryptowat.ch/assets/eos","eur","euro",TRUE,"https://api.cryptowat.ch/assets/eur","https://api.cryptowat.ch/pairs/eoseur","kraken","eoseur",TRUE,"https://api.cryptowat.ch/markets/kraken/eoseur"
"211","xrpcad","xrp","Ripple",FALSE,"https://api.cryptowat.ch/assets/xrp","cad","Canadian dollar",TRUE,"https://api.cryptowat.ch/assets/cad","https://api.cryptowat.ch/pairs/xrpcad","kraken","xrpcad",TRUE,"https://api.cryptowat.ch/markets/kraken/xrpcad"
"212","iotbtc","iot","IOTA",FALSE,"https://api.cryptowat.ch/assets/iot","btc","Bitcoin",FALSE,"https://api.cryptowat.ch/assets/btc","https://api.cryptowat.ch/pairs/iotbtc","bitfinex","iotbtc",TRUE,"https://api.cryptowat.ch/markets/bitfinex/iotbtc"
"213","xmreur","xmr","Monero",FALSE,"https://api.cryptowat.ch/assets/xmr","eur","euro",TRUE,"https://api.cryptowat.ch/assets/eur","https://api.cryptowat.ch/pairs/xmreur","kraken","xmreur",TRUE,"https://api.cryptowat.ch/markets/kraken/xmreur"
"214","ppcusd","ppc","Peercoin",FALSE,"https://api.cryptowat.ch/assets/ppc","usd","United States dollar",TRUE,"https://api.cryptowat.ch/assets/usd","https://api.cryptowat.ch/pairs/ppcusd","btce","ppcusd",FALSE,"https://api.cryptowat.ch/markets/btce/ppcusd"
"215","btczar","btc","Bitcoin",FALSE,"https://api.cryptowat.ch/assets/btc","zar","South African rand",TRUE,"https://api.cryptowat.ch/assets/zar","https://api.cryptowat.ch/pairs/btczar","luno","btczar",TRUE,"https://api.cryptowat.ch/markets/luno/btczar"
"216","sdcbtc","sdc","ShadowCoin",FALSE,"https://api.cryptowat.ch/assets/sdc","btc","Bitcoin",FALSE,"https://api.cryptowat.ch/assets/btc","https://api.cryptowat.ch/pairs/sdcbtc","poloniex","sdcbtc",TRUE,"https://api.cryptowat.ch/markets/poloniex/sdcbtc"
"217","zeceth","zec","ZEC",FALSE,"https://api.cryptowat.ch/assets/zec","eth","Ethereum",FALSE,"https://api.cryptowat.ch/assets/eth","https://api.cryptowat.ch/pairs/zeceth","poloniex","zeceth",TRUE,"https://api.cryptowat.ch/markets/poloniex/zeceth"
"218","zecusd","zec","ZEC",FALSE,"https://api.cryptowat.ch/assets/zec","usd","United States dollar",TRUE,"https://api.cryptowat.ch/assets/usd","https://api.cryptowat.ch/pairs/zecusd","bitfinex","zecusd",TRUE,"https://api.cryptowat.ch/markets/bitfinex/zecusd"
"219","zecusd","zec","ZEC",FALSE,"https://api.cryptowat.ch/assets/zec","usd","United States dollar",TRUE,"https://api.cryptowat.ch/assets/usd","https://api.cryptowat.ch/pairs/zecusd","kraken","zecusd",TRUE,"https://api.cryptowat.ch/markets/kraken/zecusd"
"220","zecusd","zec","ZEC",FALSE,"https://api.cryptowat.ch/assets/zec","usd","United States dollar",TRUE,"https://api.cryptowat.ch/assets/usd","https://api.cryptowat.ch/pairs/zecusd","poloniex","zecusd",TRUE,"https://api.cryptowat.ch/markets/poloniex/zecusd"
"221","ltceur","ltc","Litecoin",FALSE,"https://api.cryptowat.ch/assets/ltc","eur","euro",TRUE,"https://api.cryptowat.ch/assets/eur","https://api.cryptowat.ch/pairs/ltceur","gdax","ltceur",TRUE,"https://api.cryptowat.ch/markets/gdax/ltceur"
"222","ltceur","ltc","Litecoin",FALSE,"https://api.cryptowat.ch/assets/ltc","eur","euro",TRUE,"https://api.cryptowat.ch/assets/eur","https://api.cryptowat.ch/pairs/ltceur","bitstamp","ltceur",TRUE,"https://api.cryptowat.ch/markets/bitstamp/ltceur"
"223","ltceur","ltc","Litecoin",FALSE,"https://api.cryptowat.ch/assets/ltc","eur","euro",TRUE,"https://api.cryptowat.ch/assets/eur","https://api.cryptowat.ch/pairs/ltceur","kraken","ltceur",TRUE,"https://api.cryptowat.ch/markets/kraken/ltceur"
"224","streur","str","Stellar",FALSE,"https://api.cryptowat.ch/assets/str","eur","euro",TRUE,"https://api.cryptowat.ch/assets/eur","https://api.cryptowat.ch/pairs/streur","kraken","streur",TRUE,"https://api.cryptowat.ch/markets/kraken/streur"
"225","ethsgd","eth","Ethereum",FALSE,"https://api.cryptowat.ch/assets/eth","sgd","Singapore Dollar",TRUE,"https://api.cryptowat.ch/assets/sgd","https://api.cryptowat.ch/pairs/ethsgd","quoine","ethsgd",TRUE,"https://api.cryptowat.ch/markets/quoine/ethsgd"
"226","eosusd","eos","EOS",FALSE,"https://api.cryptowat.ch/assets/eos","usd","United States dollar",TRUE,"https://api.cryptowat.ch/assets/usd","https://api.cryptowat.ch/pairs/eosusd","bitfinex","eosusd",TRUE,"https://api.cryptowat.ch/markets/bitfinex/eosusd"
"227","eosusd","eos","EOS",FALSE,"https://api.cryptowat.ch/assets/eos","usd","United States dollar",TRUE,"https://api.cryptowat.ch/assets/usd","https://api.cryptowat.ch/pairs/eosusd","kraken","eosusd",TRUE,"https://api.cryptowat.ch/markets/kraken/eosusd"
"228","bcheur","bch","Bitcoin Cash",FALSE,"https://api.cryptowat.ch/assets/bch","eur","euro",TRUE,"https://api.cryptowat.ch/assets/eur","https://api.cryptowat.ch/pairs/bcheur","kraken","bcheur",TRUE,"https://api.cryptowat.ch/markets/kraken/bcheur"
"229","btcrur","btc","Bitcoin",FALSE,"https://api.cryptowat.ch/assets/btc","rur","Russian Ruble",TRUE,"https://api.cryptowat.ch/assets/rur","https://api.cryptowat.ch/pairs/btcrur","btce","btcrur",FALSE,"https://api.cryptowat.ch/markets/btce/btcrur"
"230","etccny","etc","Ethereum Classic",FALSE,"https://api.cryptowat.ch/assets/etc","cny","Chinese yuan",TRUE,"https://api.cryptowat.ch/assets/cny","https://api.cryptowat.ch/pairs/etccny","huobi","etccny",FALSE,"https://api.cryptowat.ch/markets/huobi/etccny"
"231","xmrusd","xmr","Monero",FALSE,"https://api.cryptowat.ch/assets/xmr","usd","United States dollar",TRUE,"https://api.cryptowat.ch/assets/usd","https://api.cryptowat.ch/pairs/xmrusd","bitfinex","xmrusd",TRUE,"https://api.cryptowat.ch/markets/bitfinex/xmrusd"
"232","xmrusd","xmr","Monero",FALSE,"https://api.cryptowat.ch/assets/xmr","usd","United States dollar",TRUE,"https://api.cryptowat.ch/assets/usd","https://api.cryptowat.ch/pairs/xmrusd","kraken","xmrusd",TRUE,"https://api.cryptowat.ch/markets/kraken/xmrusd"
"233","xmrusd","xmr","Monero",FALSE,"https://api.cryptowat.ch/assets/xmr","usd","United States dollar",TRUE,"https://api.cryptowat.ch/assets/usd","https://api.cryptowat.ch/pairs/xmrusd","poloniex","xmrusd",TRUE,"https://api.cryptowat.ch/markets/poloniex/xmrusd"
"234","ltccad","ltc","Litecoin",FALSE,"https://api.cryptowat.ch/assets/ltc","cad","Canadian dollar",TRUE,"https://api.cryptowat.ch/assets/cad","https://api.cryptowat.ch/pairs/ltccad","kraken","ltccad",TRUE,"https://api.cryptowat.ch/markets/kraken/ltccad"
"235","ltccad","ltc","Litecoin",FALSE,"https://api.cryptowat.ch/assets/ltc","cad","Canadian dollar",TRUE,"https://api.cryptowat.ch/assets/cad","https://api.cryptowat.ch/pairs/ltccad","vault-of-satoshi","ltccad",FALSE,"https://api.cryptowat.ch/markets/vault-of-satoshi/ltccad"
"236","ltcusd-quarterly-futures","ltc","Litecoin",FALSE,"https://api.cryptowat.ch/assets/ltc","usd","United States dollar",TRUE,"https://api.cryptowat.ch/assets/usd","https://api.cryptowat.ch/pairs/ltcusd-quarterly-futures","okcoin","ltcusd-quarterly-futures",TRUE,"https://api.cryptowat.ch/markets/okcoin/ltcusd-quarterly-futures"
"237","btcjpy","btc","Bitcoin",FALSE,"https://api.cryptowat.ch/assets/btc","jpy","Japanese Yen",TRUE,"https://api.cryptowat.ch/assets/jpy","https://api.cryptowat.ch/pairs/btcjpy","kraken","btcjpy",TRUE,"https://api.cryptowat.ch/markets/kraken/btcjpy"
"238","btcjpy","btc","Bitcoin",FALSE,"https://api.cryptowat.ch/assets/btc","jpy","Japanese Yen",TRUE,"https://api.cryptowat.ch/assets/jpy","https://api.cryptowat.ch/pairs/btcjpy","quoine","btcjpy",TRUE,"https://api.cryptowat.ch/markets/quoine/btcjpy"
"239","btcjpy","btc","Bitcoin",FALSE,"https://api.cryptowat.ch/assets/btc","jpy","Japanese Yen",TRUE,"https://api.cryptowat.ch/assets/jpy","https://api.cryptowat.ch/pairs/btcjpy","bitflyer","btcjpy",TRUE,"https://api.cryptowat.ch/markets/bitflyer/btcjpy"
"240","ltckrw","ltc","Litecoin",FALSE,"https://api.cryptowat.ch/assets/ltc","krw","South Korean Won",TRUE,"https://api.cryptowat.ch/assets/krw","https://api.cryptowat.ch/pairs/ltckrw","bithumb","ltckrw",TRUE,"https://api.cryptowat.ch/markets/bithumb/ltckrw"
"241","ethltc","eth","Ethereum",FALSE,"https://api.cryptowat.ch/assets/eth","ltc","Litecoin",FALSE,"https://api.cryptowat.ch/assets/ltc","https://api.cryptowat.ch/pairs/ethltc","btce","ethltc",FALSE,"https://api.cryptowat.ch/markets/btce/ethltc"
"242","btcidr","btc","Bitcoin",FALSE,"https://api.cryptowat.ch/assets/btc","idr","Indonesian Rupiah",TRUE,"https://api.cryptowat.ch/assets/idr","https://api.cryptowat.ch/pairs/btcidr","quoine","btcidr",TRUE,"https://api.cryptowat.ch/markets/quoine/btcidr"
"243","etcusd","etc","Ethereum Classic",FALSE,"https://api.cryptowat.ch/assets/etc","usd","United States dollar",TRUE,"https://api.cryptowat.ch/assets/usd","https://api.cryptowat.ch/pairs/etcusd","bitfinex","etcusd",TRUE,"https://api.cryptowat.ch/markets/bitfinex/etcusd"
"244","etcusd","etc","Ethereum Classic",FALSE,"https://api.cryptowat.ch/assets/etc","usd","United States dollar",TRUE,"https://api.cryptowat.ch/assets/usd","https://api.cryptowat.ch/pairs/etcusd","kraken","etcusd",TRUE,"https://api.cryptowat.ch/markets/kraken/etcusd"
"245","etcusd","etc","Ethereum Classic",FALSE,"https://api.cryptowat.ch/assets/etc","usd","United States dollar",TRUE,"https://api.cryptowat.ch/assets/usd","https://api.cryptowat.ch/pairs/etcusd","poloniex","etcusd",TRUE,"https://api.cryptowat.ch/markets/poloniex/etcusd"
"246","eosbtc","eos","EOS",FALSE,"https://api.cryptowat.ch/assets/eos","btc","Bitcoin",FALSE,"https://api.cryptowat.ch/assets/btc","https://api.cryptowat.ch/pairs/eosbtc","bitfinex","eosbtc",TRUE,"https://api.cryptowat.ch/markets/bitfinex/eosbtc"
"247","eosbtc","eos","EOS",FALSE,"https://api.cryptowat.ch/assets/eos","btc","Bitcoin",FALSE,"https://api.cryptowat.ch/assets/btc","https://api.cryptowat.ch/pairs/eosbtc","kraken","eosbtc",TRUE,"https://api.cryptowat.ch/markets/kraken/eosbtc"
"248","icnbtc","icn","Iconomi",FALSE,"https://api.cryptowat.ch/assets/icn","btc","Bitcoin",FALSE,"https://api.cryptowat.ch/assets/btc","https://api.cryptowat.ch/pairs/icnbtc","kraken","icnbtc",TRUE,"https://api.cryptowat.ch/markets/kraken/icnbtc"
"249","strbtc","str","Stellar",FALSE,"https://api.cryptowat.ch/assets/str","btc","Bitcoin",FALSE,"https://api.cryptowat.ch/assets/btc","https://api.cryptowat.ch/pairs/strbtc","kraken","strbtc",TRUE,"https://api.cryptowat.ch/markets/kraken/strbtc"
"250","strbtc","str","Stellar",FALSE,"https://api.cryptowat.ch/assets/str","btc","Bitcoin",FALSE,"https://api.cryptowat.ch/assets/btc","https://api.cryptowat.ch/pairs/strbtc","poloniex","strbtc",TRUE,"https://api.cryptowat.ch/markets/poloniex/strbtc"
"251","zecjpy","zec","ZEC",FALSE,"https://api.cryptowat.ch/assets/zec","jpy","Japanese Yen",TRUE,"https://api.cryptowat.ch/assets/jpy","https://api.cryptowat.ch/pairs/zecjpy","kraken","zecjpy",TRUE,"https://api.cryptowat.ch/markets/kraken/zecjpy"
"252","btccny-weekly-futures","btc","Bitcoin",FALSE,"https://api.cryptowat.ch/assets/btc","cny","Chinese yuan",TRUE,"https://api.cryptowat.ch/assets/cny","https://api.cryptowat.ch/pairs/btccny-weekly-futures","bitvc","btccny-weekly-futures",TRUE,"https://api.cryptowat.ch/markets/bitvc/btccny-weekly-futures"
"253","btcfxjpy","btc","Bitcoin",FALSE,"https://api.cryptowat.ch/assets/btc","jpy","Japanese Yen",TRUE,"https://api.cryptowat.ch/assets/jpy","https://api.cryptowat.ch/pairs/btcfxjpy","bitflyer","btcfxjpy",TRUE,"https://api.cryptowat.ch/markets/bitflyer/btcfxjpy"
"254","zecbtc","zec","ZEC",FALSE,"https://api.cryptowat.ch/assets/zec","btc","Bitcoin",FALSE,"https://api.cryptowat.ch/assets/btc","https://api.cryptowat.ch/pairs/zecbtc","bitfinex","zecbtc",TRUE,"https://api.cryptowat.ch/markets/bitfinex/zecbtc"
"255","zecbtc","zec","ZEC",FALSE,"https://api.cryptowat.ch/assets/zec","btc","Bitcoin",FALSE,"https://api.cryptowat.ch/assets/btc","https://api.cryptowat.ch/pairs/zecbtc","kraken","zecbtc",TRUE,"https://api.cryptowat.ch/markets/kraken/zecbtc"
"256","zecbtc","zec","ZEC",FALSE,"https://api.cryptowat.ch/assets/zec","btc","Bitcoin",FALSE,"https://api.cryptowat.ch/assets/btc","https://api.cryptowat.ch/pairs/zecbtc","qryptos","zecbtc",TRUE,"https://api.cryptowat.ch/markets/qryptos/zecbtc"
"257","zecbtc","zec","ZEC",FALSE,"https://api.cryptowat.ch/assets/zec","btc","Bitcoin",FALSE,"https://api.cryptowat.ch/assets/btc","https://api.cryptowat.ch/pairs/zecbtc","poloniex","zecbtc",TRUE,"https://api.cryptowat.ch/markets/poloniex/zecbtc"
"258","eurusd","eur","euro",TRUE,"https://api.cryptowat.ch/assets/eur","usd","United States dollar",TRUE,"https://api.cryptowat.ch/assets/usd","https://api.cryptowat.ch/pairs/eurusd","bitstamp","eurusd",TRUE,"https://api.cryptowat.ch/markets/bitstamp/eurusd"
"259","dasheur","dash","Dash",FALSE,"https://api.cryptowat.ch/assets/dash","eur","euro",TRUE,"https://api.cryptowat.ch/assets/eur","https://api.cryptowat.ch/pairs/dasheur","kraken","dasheur",TRUE,"https://api.cryptowat.ch/markets/kraken/dasheur"
"260","btchkd","btc","Bitcoin",FALSE,"https://api.cryptowat.ch/assets/btc","hkd","Hong Kong Dollar",TRUE,"https://api.cryptowat.ch/assets/hkd","https://api.cryptowat.ch/pairs/btchkd","quoine","btchkd",TRUE,"https://api.cryptowat.ch/markets/quoine/btchkd"
"261","etcbtc","etc","Ethereum Classic",FALSE,"https://api.cryptowat.ch/assets/etc","btc","Bitcoin",FALSE,"https://api.cryptowat.ch/assets/btc","https://api.cryptowat.ch/pairs/etcbtc","bitfinex","etcbtc",TRUE,"https://api.cryptowat.ch/markets/bitfinex/etcbtc"
"262","etcbtc","etc","Ethereum Classic",FALSE,"https://api.cryptowat.ch/assets/etc","btc","Bitcoin",FALSE,"https://api.cryptowat.ch/assets/btc","https://api.cryptowat.ch/pairs/etcbtc","kraken","etcbtc",TRUE,"https://api.cryptowat.ch/markets/kraken/etcbtc"
"263","etcbtc","etc","Ethereum Classic",FALSE,"https://api.cryptowat.ch/assets/etc","btc","Bitcoin",FALSE,"https://api.cryptowat.ch/assets/btc","https://api.cryptowat.ch/pairs/etcbtc","qryptos","etcbtc",TRUE,"https://api.cryptowat.ch/markets/qryptos/etcbtc"
"264","etcbtc","etc","Ethereum Classic",FALSE,"https://api.cryptowat.ch/assets/etc","btc","Bitcoin",FALSE,"https://api.cryptowat.ch/assets/btc","https://api.cryptowat.ch/pairs/etcbtc","poloniex","etcbtc",TRUE,"https://api.cryptowat.ch/markets/poloniex/etcbtc"
"265","etcbtc","etc","Ethereum Classic",FALSE,"https://api.cryptowat.ch/assets/etc","btc","Bitcoin",FALSE,"https://api.cryptowat.ch/assets/btc","https://api.cryptowat.ch/pairs/etcbtc","bitsquare","etcbtc",TRUE,"https://api.cryptowat.ch/markets/bitsquare/etcbtc"
"266","bccusd","bcc","Bitcoin Core Token",FALSE,"https://api.cryptowat.ch/assets/bcc","usd","United States dollar",TRUE,"https://api.cryptowat.ch/assets/usd","https://api.cryptowat.ch/pairs/bccusd","bitfinex","bccusd",TRUE,"https://api.cryptowat.ch/markets/bitfinex/bccusd"
"267","zeccad","zec","ZEC",FALSE,"https://api.cryptowat.ch/assets/zec","cad","Canadian dollar",TRUE,"https://api.cryptowat.ch/assets/cad","https://api.cryptowat.ch/pairs/zeccad","kraken","zeccad",TRUE,"https://api.cryptowat.ch/markets/kraken/zeccad"
